"LOCATION","INDICATOR","SUBJECT","MEASURE","FREQUENCY","TIME","Value","Flag Codes"
"AUS","GGNLEND","TOT","PC_GDP","A","1970",-1.65680180291736,
"AUS","GGNLEND","TOT","PC_GDP","A","1971",-1.62716581380734,
"AUS","GGNLEND","TOT","PC_GDP","A","1972",-2.09508137504766,
"AUS","GGNLEND","TOT","PC_GDP","A","1973",-0.959022095604068,
"AUS","GGNLEND","TOT","PC_GDP","A","1974",-3.59863630624185,
"AUS","GGNLEND","TOT","PC_GDP","A","1975",-4.45686460294806,
"AUS","GGNLEND","TOT","PC_GDP","A","1976",-4.32998046469097,
"AUS","GGNLEND","TOT","PC_GDP","A","1977",-5.2315070318001,
"AUS","GGNLEND","TOT","PC_GDP","A","1978",-4.9179637845255,
"AUS","GGNLEND","TOT","PC_GDP","A","1979",-3.308479510449,
"AUS","GGNLEND","TOT","PC_GDP","A","1980",-3.48796010760449,
"AUS","GGNLEND","TOT","PC_GDP","A","1981",-3.88535502538129,
"AUS","GGNLEND","TOT","PC_GDP","A","1982",-5.8591626601084,
"AUS","GGNLEND","TOT","PC_GDP","A","1983",-6.24140415220381,
"AUS","GGNLEND","TOT","PC_GDP","A","1984",-5.95461612308529,
"AUS","GGNLEND","TOT","PC_GDP","A","1985",-5.36718396403722,
"AUS","GGNLEND","TOT","PC_GDP","A","1986",-3.69293764979631,
"AUS","GGNLEND","TOT","PC_GDP","A","1987",-1.9491507139797,
"AUS","GGNLEND","TOT","PC_GDP","A","1988",-1.20631816268047,
"AUS","GGNLEND","TOT","PC_GDP","A","1989",-2.33878522575877,
"AUS","GGNLEND","TOT","PC_GDP","A","1990",-3.50068515748989,
"AUS","GGNLEND","TOT","PC_GDP","A","1991",-5.99212706333792,
"AUS","GGNLEND","TOT","PC_GDP","A","1992",-6.33675357594695,
"AUS","GGNLEND","TOT","PC_GDP","A","1993",-4.58254932300083,
"AUS","GGNLEND","TOT","PC_GDP","A","1994",-4.21828866882337,
"AUS","GGNLEND","TOT","PC_GDP","A","1995",-3.01322649233121,
"AUS","GGNLEND","TOT","PC_GDP","A","1996",-1.22515312166858,
"AUS","GGNLEND","TOT","PC_GDP","A","1997",0.184769428811124,
"AUS","GGNLEND","TOT","PC_GDP","A","1998",0.630350896406001,
"AUS","GGNLEND","TOT","PC_GDP","A","1999",1.95459724778684,
"AUS","GGNLEND","TOT","PC_GDP","A","2000",-1.29277943331186,
"AUS","GGNLEND","TOT","PC_GDP","A","2001",-0.74340340321793,
"AUS","GGNLEND","TOT","PC_GDP","A","2002",0.706782470000374,
"AUS","GGNLEND","TOT","PC_GDP","A","2003",0.794190376363078,
"AUS","GGNLEND","TOT","PC_GDP","A","2004",0.927763579276846,
"AUS","GGNLEND","TOT","PC_GDP","A","2005",1.59920115059954,
"AUS","GGNLEND","TOT","PC_GDP","A","2006",1.58161890918586,
"AUS","GGNLEND","TOT","PC_GDP","A","2007",0.65579083929179,
"AUS","GGNLEND","TOT","PC_GDP","A","2008",-3.84071630537229,
"AUS","GGNLEND","TOT","PC_GDP","A","2009",-5.64459058469918,
"AUS","GGNLEND","TOT","PC_GDP","A","2010",-4.56111793655115,
"AUS","GGNLEND","TOT","PC_GDP","A","2011",-4.61486967630437,
"AUS","GGNLEND","TOT","PC_GDP","A","2012",-2.84701006343177,
"AUS","GGNLEND","TOT","PC_GDP","A","2013",-2.78301689090071,
"AUS","GGNLEND","TOT","PC_GDP","A","2014",-2.23729937093667,
"AUS","GGNLEND","TOT","PC_GDP","A","2015",-2.22284019728016,
"AUS","GGNLEND","TOT","PC_GDP","A","2016",-1.58186656844656,
"AUS","GGNLEND","TOT","PC_GDP","A","2017",-1.20991065392041,
"AUS","GGNLEND","TOT","PC_GDP","A","2018",-1.43025380376811,
"AUS","GGNLEND","TOT","PC_GDP","A","2019",-7.14298695621006,
"AUS","GGNLEND","TOT","PC_GDP","A","2020",-9.58263385276317,
"AUT","GGNLEND","TOT","PC_GDP","A","1995",-6.13397127832002,
"AUT","GGNLEND","TOT","PC_GDP","A","1996",-4.50361584758439,
"AUT","GGNLEND","TOT","PC_GDP","A","1997",-2.57579119873407,
"AUT","GGNLEND","TOT","PC_GDP","A","1998",-2.69622684089122,
"AUT","GGNLEND","TOT","PC_GDP","A","1999",-2.59588665384224,
"AUT","GGNLEND","TOT","PC_GDP","A","2000",-2.40470232925518,
"AUT","GGNLEND","TOT","PC_GDP","A","2001",-0.661575545058186,
"AUT","GGNLEND","TOT","PC_GDP","A","2002",-1.38117492289023,
"AUT","GGNLEND","TOT","PC_GDP","A","2003",-1.78642545239967,
"AUT","GGNLEND","TOT","PC_GDP","A","2004",-4.80498601475414,
"AUT","GGNLEND","TOT","PC_GDP","A","2005",-2.50834960050974,
"AUT","GGNLEND","TOT","PC_GDP","A","2006",-2.53544812656201,
"AUT","GGNLEND","TOT","PC_GDP","A","2007",-1.3546226842878,
"AUT","GGNLEND","TOT","PC_GDP","A","2008",-1.49526533239112,
"AUT","GGNLEND","TOT","PC_GDP","A","2009",-5.32970620254501,
"AUT","GGNLEND","TOT","PC_GDP","A","2010",-4.4412670586594,
"AUT","GGNLEND","TOT","PC_GDP","A","2011",-2.55356599419093,
"AUT","GGNLEND","TOT","PC_GDP","A","2012",-2.1890705954037,
"AUT","GGNLEND","TOT","PC_GDP","A","2013",-1.95007752148589,
"AUT","GGNLEND","TOT","PC_GDP","A","2014",-2.72914820817187,
"AUT","GGNLEND","TOT","PC_GDP","A","2015",-1.00998860688189,
"AUT","GGNLEND","TOT","PC_GDP","A","2016",-1.53459116331167,
"AUT","GGNLEND","TOT","PC_GDP","A","2017",-0.816118350278008,
"AUT","GGNLEND","TOT","PC_GDP","A","2018",0.170080245402498,
"AUT","GGNLEND","TOT","PC_GDP","A","2019",0.610280969536666,
"AUT","GGNLEND","TOT","PC_GDP","A","2020",-8.04520324445371,
"AUT","GGNLEND","TOT","PC_GDP","A","2021",-5.91767720801944,
"BEL","GGNLEND","TOT","PC_GDP","A","1995",-4.50835696480245,
"BEL","GGNLEND","TOT","PC_GDP","A","1996",-4.00252745032249,
"BEL","GGNLEND","TOT","PC_GDP","A","1997",-2.15125735436845,
"BEL","GGNLEND","TOT","PC_GDP","A","1998",-1.02487363717728,
"BEL","GGNLEND","TOT","PC_GDP","A","1999",-0.648349453339474,
"BEL","GGNLEND","TOT","PC_GDP","A","2000",-0.079297470437997,
"BEL","GGNLEND","TOT","PC_GDP","A","2001",0.232848556887494,
"BEL","GGNLEND","TOT","PC_GDP","A","2002",-0.043695305389563,
"BEL","GGNLEND","TOT","PC_GDP","A","2003",-1.8641523014564,
"BEL","GGNLEND","TOT","PC_GDP","A","2004",-0.238697094566163,
"BEL","GGNLEND","TOT","PC_GDP","A","2005",-2.71499327823464,
"BEL","GGNLEND","TOT","PC_GDP","A","2006",0.239580626261912,
"BEL","GGNLEND","TOT","PC_GDP","A","2007",0.066439884418465,
"BEL","GGNLEND","TOT","PC_GDP","A","2008",-1.09534486959375,
"BEL","GGNLEND","TOT","PC_GDP","A","2009",-5.4309890992886,
"BEL","GGNLEND","TOT","PC_GDP","A","2010",-4.08770609470009,
"BEL","GGNLEND","TOT","PC_GDP","A","2011",-4.33007826734098,
"BEL","GGNLEND","TOT","PC_GDP","A","2012",-4.31838232799818,
"BEL","GGNLEND","TOT","PC_GDP","A","2013",-3.12937792710242,
"BEL","GGNLEND","TOT","PC_GDP","A","2014",-3.0556821743147,
"BEL","GGNLEND","TOT","PC_GDP","A","2015",-2.41367079640241,
"BEL","GGNLEND","TOT","PC_GDP","A","2016",-2.36311261975241,
"BEL","GGNLEND","TOT","PC_GDP","A","2017",-0.683833123506769,
"BEL","GGNLEND","TOT","PC_GDP","A","2018",-0.869783132362527,
"BEL","GGNLEND","TOT","PC_GDP","A","2019",-1.95228786282337,
"BEL","GGNLEND","TOT","PC_GDP","A","2020",-9.04706594574712,"E"
"BEL","GGNLEND","TOT","PC_GDP","A","2021",-5.51382488206687,"E"
"CAN","GGNLEND","TOT","PC_GDP","A","1981",-2.89229499562925,
"CAN","GGNLEND","TOT","PC_GDP","A","1982",-6.89832835713237,
"CAN","GGNLEND","TOT","PC_GDP","A","1983",-7.99803472927684,
"CAN","GGNLEND","TOT","PC_GDP","A","1984",-7.94006744793132,
"CAN","GGNLEND","TOT","PC_GDP","A","1985",-8.75732710433637,
"CAN","GGNLEND","TOT","PC_GDP","A","1986",-7.32164897556159,
"CAN","GGNLEND","TOT","PC_GDP","A","1987",-5.74576554490751,
"CAN","GGNLEND","TOT","PC_GDP","A","1988",-4.51096995664339,
"CAN","GGNLEND","TOT","PC_GDP","A","1989",-4.71828332928814,
"CAN","GGNLEND","TOT","PC_GDP","A","1990",-5.91142212592074,
"CAN","GGNLEND","TOT","PC_GDP","A","1991",-8.35939826696097,
"CAN","GGNLEND","TOT","PC_GDP","A","1992",-9.19914926312156,
"CAN","GGNLEND","TOT","PC_GDP","A","1993",-8.93476494470823,
"CAN","GGNLEND","TOT","PC_GDP","A","1994",-6.9359775345593,
"CAN","GGNLEND","TOT","PC_GDP","A","1995",-5.48964011250317,
"CAN","GGNLEND","TOT","PC_GDP","A","1996",-3.05256596040631,
"CAN","GGNLEND","TOT","PC_GDP","A","1997",0.038702165336532,
"CAN","GGNLEND","TOT","PC_GDP","A","1998",0.142682776423957,
"CAN","GGNLEND","TOT","PC_GDP","A","1999",1.65557624708932,
"CAN","GGNLEND","TOT","PC_GDP","A","2000",2.63970396113812,
"CAN","GGNLEND","TOT","PC_GDP","A","2001",0.529468967089921,
"CAN","GGNLEND","TOT","PC_GDP","A","2002",-0.233895789038062,
"CAN","GGNLEND","TOT","PC_GDP","A","2003",-0.126957864812588,
"CAN","GGNLEND","TOT","PC_GDP","A","2004",0.767669538252837,
"CAN","GGNLEND","TOT","PC_GDP","A","2005",1.55312009791853,
"CAN","GGNLEND","TOT","PC_GDP","A","2006",1.82760436294437,
"CAN","GGNLEND","TOT","PC_GDP","A","2007",1.81965580691923,
"CAN","GGNLEND","TOT","PC_GDP","A","2008",0.184485477426328,
"CAN","GGNLEND","TOT","PC_GDP","A","2009",-3.88135176862462,
"CAN","GGNLEND","TOT","PC_GDP","A","2010",-4.73755858174554,
"CAN","GGNLEND","TOT","PC_GDP","A","2011",-3.30873255346625,
"CAN","GGNLEND","TOT","PC_GDP","A","2012",-2.52451700716013,
"CAN","GGNLEND","TOT","PC_GDP","A","2013",-1.49475856710511,
"CAN","GGNLEND","TOT","PC_GDP","A","2014",0.174896160104426,
"CAN","GGNLEND","TOT","PC_GDP","A","2015",-0.061845591002195,
"CAN","GGNLEND","TOT","PC_GDP","A","2016",-0.453312334765877,
"CAN","GGNLEND","TOT","PC_GDP","A","2017",-0.112162665295115,
"CAN","GGNLEND","TOT","PC_GDP","A","2018",0.351654380127359,
"CAN","GGNLEND","TOT","PC_GDP","A","2019",0.004327670432317,
"CAN","GGNLEND","TOT","PC_GDP","A","2020",-11.3604354611549,
"CAN","GGNLEND","TOT","PC_GDP","A","2021",-4.70737169343434,
"CZE","GGNLEND","TOT","PC_GDP","A","1995",-12.3712496225661,
"CZE","GGNLEND","TOT","PC_GDP","A","1996",-3.00488450216072,
"CZE","GGNLEND","TOT","PC_GDP","A","1997",-3.17489792108062,
"CZE","GGNLEND","TOT","PC_GDP","A","1998",-4.17305010052749,
"CZE","GGNLEND","TOT","PC_GDP","A","1999",-3.12816386097898,
"CZE","GGNLEND","TOT","PC_GDP","A","2000",-3.57563564178522,
"CZE","GGNLEND","TOT","PC_GDP","A","2001",-5.75954800192003,
"CZE","GGNLEND","TOT","PC_GDP","A","2002",-6.3513616962135,
"CZE","GGNLEND","TOT","PC_GDP","A","2003",-6.85802344080934,
"CZE","GGNLEND","TOT","PC_GDP","A","2004",-2.36953865069805,
"CZE","GGNLEND","TOT","PC_GDP","A","2005",-3.02656956824642,
"CZE","GGNLEND","TOT","PC_GDP","A","2006",-2.15014326452803,
"CZE","GGNLEND","TOT","PC_GDP","A","2007",-0.644844855582269,
"CZE","GGNLEND","TOT","PC_GDP","A","2008",-1.96420355886674,
"CZE","GGNLEND","TOT","PC_GDP","A","2009",-5.41134758947177,
"CZE","GGNLEND","TOT","PC_GDP","A","2010",-4.15200094167854,
"CZE","GGNLEND","TOT","PC_GDP","A","2011",-2.70035149839144,
"CZE","GGNLEND","TOT","PC_GDP","A","2012",-3.8971002555203,
"CZE","GGNLEND","TOT","PC_GDP","A","2013",-1.28388671363478,
"CZE","GGNLEND","TOT","PC_GDP","A","2014",-2.07549140933957,
"CZE","GGNLEND","TOT","PC_GDP","A","2015",-0.64381765122764,
"CZE","GGNLEND","TOT","PC_GDP","A","2016",0.711776192532093,
"CZE","GGNLEND","TOT","PC_GDP","A","2017",1.50140595995533,
"CZE","GGNLEND","TOT","PC_GDP","A","2018",0.89269853123992,
"CZE","GGNLEND","TOT","PC_GDP","A","2019",0.288566421223733,
"CZE","GGNLEND","TOT","PC_GDP","A","2020",-5.78141246810236,
"CZE","GGNLEND","TOT","PC_GDP","A","2021",-5.87190995962508,
"DNK","GGNLEND","TOT","PC_GDP","A","1995",-3.62003199102571,
"DNK","GGNLEND","TOT","PC_GDP","A","1996",-2.48257462799153,
"DNK","GGNLEND","TOT","PC_GDP","A","1997",-1.20021352911995,
"DNK","GGNLEND","TOT","PC_GDP","A","1998",-0.388536959676941,
"DNK","GGNLEND","TOT","PC_GDP","A","1999",0.868853784849396,
"DNK","GGNLEND","TOT","PC_GDP","A","2000",1.887315011175,
"DNK","GGNLEND","TOT","PC_GDP","A","2001",1.14055420849418,
"DNK","GGNLEND","TOT","PC_GDP","A","2002",-0.015387113245999,
"DNK","GGNLEND","TOT","PC_GDP","A","2003",-0.133147614335798,
"DNK","GGNLEND","TOT","PC_GDP","A","2004",2.0731728722497,
"DNK","GGNLEND","TOT","PC_GDP","A","2005",4.95503054106776,
"DNK","GGNLEND","TOT","PC_GDP","A","2006",4.98710007232549,
"DNK","GGNLEND","TOT","PC_GDP","A","2007",5.02045812820832,
"DNK","GGNLEND","TOT","PC_GDP","A","2008",3.17390813019585,
"DNK","GGNLEND","TOT","PC_GDP","A","2009",-2.79814242201751,
"DNK","GGNLEND","TOT","PC_GDP","A","2010",-2.71027147514494,
"DNK","GGNLEND","TOT","PC_GDP","A","2011",-2.05576661478475,
"DNK","GGNLEND","TOT","PC_GDP","A","2012",-3.49044439711785,
"DNK","GGNLEND","TOT","PC_GDP","A","2013",-1.2356471875801,
"DNK","GGNLEND","TOT","PC_GDP","A","2014",1.14442765256798,
"DNK","GGNLEND","TOT","PC_GDP","A","2015",-1.32962984181145,
"DNK","GGNLEND","TOT","PC_GDP","A","2016",-0.105986872094072,
"DNK","GGNLEND","TOT","PC_GDP","A","2017",1.78626148968858,
"DNK","GGNLEND","TOT","PC_GDP","A","2018",0.760390380516002,
"DNK","GGNLEND","TOT","PC_GDP","A","2019",4.06390417114572,
"DNK","GGNLEND","TOT","PC_GDP","A","2020",-0.183124600035762,
"DNK","GGNLEND","TOT","PC_GDP","A","2021",2.34995842590297,
"FIN","GGNLEND","TOT","PC_GDP","A","1975",4.93015731004857,"E"
"FIN","GGNLEND","TOT","PC_GDP","A","1976",7.60906348294645,"E"
"FIN","GGNLEND","TOT","PC_GDP","A","1977",6.2547312764633,"E"
"FIN","GGNLEND","TOT","PC_GDP","A","1978",3.82755813975477,"E"
"FIN","GGNLEND","TOT","PC_GDP","A","1979",3.39865283492486,"E"
"FIN","GGNLEND","TOT","PC_GDP","A","1980",3.70205306474136,
"FIN","GGNLEND","TOT","PC_GDP","A","1981",5.10678540468122,
"FIN","GGNLEND","TOT","PC_GDP","A","1982",3.05352428568091,
"FIN","GGNLEND","TOT","PC_GDP","A","1983",1.51826101524543,
"FIN","GGNLEND","TOT","PC_GDP","A","1984",3.22858211747101,
"FIN","GGNLEND","TOT","PC_GDP","A","1985",3.3359086616877,
"FIN","GGNLEND","TOT","PC_GDP","A","1986",3.82817858453097,
"FIN","GGNLEND","TOT","PC_GDP","A","1987",1.62590820485557,
"FIN","GGNLEND","TOT","PC_GDP","A","1988",5.09234518983877,
"FIN","GGNLEND","TOT","PC_GDP","A","1989",6.72945943113947,
"FIN","GGNLEND","TOT","PC_GDP","A","1990",5.31778053848437,
"FIN","GGNLEND","TOT","PC_GDP","A","1991",-0.904498325642412,
"FIN","GGNLEND","TOT","PC_GDP","A","1992",-5.32778184048501,
"FIN","GGNLEND","TOT","PC_GDP","A","1993",-8.08559294348252,
"FIN","GGNLEND","TOT","PC_GDP","A","1994",-6.49593934919393,
"FIN","GGNLEND","TOT","PC_GDP","A","1995",-5.92497133405717,
"FIN","GGNLEND","TOT","PC_GDP","A","1996",-3.24637794735656,
"FIN","GGNLEND","TOT","PC_GDP","A","1997",-1.21472470150803,
"FIN","GGNLEND","TOT","PC_GDP","A","1998",1.63852781513024,
"FIN","GGNLEND","TOT","PC_GDP","A","1999",1.66724447666173,
"FIN","GGNLEND","TOT","PC_GDP","A","2000",6.85346154409932,
"FIN","GGNLEND","TOT","PC_GDP","A","2001",4.97621484083303,
"FIN","GGNLEND","TOT","PC_GDP","A","2002",4.05694812979001,
"FIN","GGNLEND","TOT","PC_GDP","A","2003",2.4237392009173,
"FIN","GGNLEND","TOT","PC_GDP","A","2004",2.20965242696431,
"FIN","GGNLEND","TOT","PC_GDP","A","2005",2.65169685524662,
"FIN","GGNLEND","TOT","PC_GDP","A","2006",3.97115045373835,
"FIN","GGNLEND","TOT","PC_GDP","A","2007",5.10819363667465,
"FIN","GGNLEND","TOT","PC_GDP","A","2008",4.17676884667851,
"FIN","GGNLEND","TOT","PC_GDP","A","2009",-2.48422257313738,
"FIN","GGNLEND","TOT","PC_GDP","A","2010",-2.53371106020421,
"FIN","GGNLEND","TOT","PC_GDP","A","2011",-1.01920221416378,
"FIN","GGNLEND","TOT","PC_GDP","A","2012",-2.15582206260539,
"FIN","GGNLEND","TOT","PC_GDP","A","2013",-2.52494848791852,
"FIN","GGNLEND","TOT","PC_GDP","A","2014",-2.9874768604668,
"FIN","GGNLEND","TOT","PC_GDP","A","2015",-2.42543226813634,
"FIN","GGNLEND","TOT","PC_GDP","A","2016",-1.69825025974862,
"FIN","GGNLEND","TOT","PC_GDP","A","2017",-0.653996226265019,
"FIN","GGNLEND","TOT","PC_GDP","A","2018",-0.853221854815221,
"FIN","GGNLEND","TOT","PC_GDP","A","2019",-0.946000033353902,
"FIN","GGNLEND","TOT","PC_GDP","A","2020",-5.51104014790227,
"FIN","GGNLEND","TOT","PC_GDP","A","2021",-2.58130579518768,
"FRA","GGNLEND","TOT","PC_GDP","A","1978",-1.79682457725571,
"FRA","GGNLEND","TOT","PC_GDP","A","1979",-0.4821576555084,
"FRA","GGNLEND","TOT","PC_GDP","A","1980",-0.428536644752861,
"FRA","GGNLEND","TOT","PC_GDP","A","1981",-2.40752178985656,
"FRA","GGNLEND","TOT","PC_GDP","A","1982",-2.83691332089851,
"FRA","GGNLEND","TOT","PC_GDP","A","1983",-2.54076788744866,
"FRA","GGNLEND","TOT","PC_GDP","A","1984",-2.73595179836782,
"FRA","GGNLEND","TOT","PC_GDP","A","1985",-2.97245967672752,
"FRA","GGNLEND","TOT","PC_GDP","A","1986",-3.1974131962347,
"FRA","GGNLEND","TOT","PC_GDP","A","1987",-2.01429233991797,
"FRA","GGNLEND","TOT","PC_GDP","A","1988",-2.56437692860578,
"FRA","GGNLEND","TOT","PC_GDP","A","1989",-1.7822310431733,
"FRA","GGNLEND","TOT","PC_GDP","A","1990",-2.43397060973133,
"FRA","GGNLEND","TOT","PC_GDP","A","1991",-2.86304450378078,
"FRA","GGNLEND","TOT","PC_GDP","A","1992",-4.60121858595576,
"FRA","GGNLEND","TOT","PC_GDP","A","1993",-6.3587944863889,
"FRA","GGNLEND","TOT","PC_GDP","A","1994",-5.42289936069065,
"FRA","GGNLEND","TOT","PC_GDP","A","1995",-5.10854299487882,
"FRA","GGNLEND","TOT","PC_GDP","A","1996",-3.90587942178419,
"FRA","GGNLEND","TOT","PC_GDP","A","1997",-3.65283417016237,
"FRA","GGNLEND","TOT","PC_GDP","A","1998",-2.37843739459248,
"FRA","GGNLEND","TOT","PC_GDP","A","1999",-1.60292762521601,
"FRA","GGNLEND","TOT","PC_GDP","A","2000",-1.31842268114447,
"FRA","GGNLEND","TOT","PC_GDP","A","2001",-1.37927447666103,
"FRA","GGNLEND","TOT","PC_GDP","A","2002",-3.1602899304648,
"FRA","GGNLEND","TOT","PC_GDP","A","2003",-4.0155372099498,
"FRA","GGNLEND","TOT","PC_GDP","A","2004",-3.59057029293687,
"FRA","GGNLEND","TOT","PC_GDP","A","2005",-3.35555989704995,
"FRA","GGNLEND","TOT","PC_GDP","A","2006",-2.44368560794004,
"FRA","GGNLEND","TOT","PC_GDP","A","2007",-2.63629620472246,
"FRA","GGNLEND","TOT","PC_GDP","A","2008",-3.26373482970116,
"FRA","GGNLEND","TOT","PC_GDP","A","2009",-7.17477905126052,
"FRA","GGNLEND","TOT","PC_GDP","A","2010",-6.88672167290052,
"FRA","GGNLEND","TOT","PC_GDP","A","2011",-5.15476088106651,
"FRA","GGNLEND","TOT","PC_GDP","A","2012",-4.98098433361866,
"FRA","GGNLEND","TOT","PC_GDP","A","2013",-4.08409452344595,
"FRA","GGNLEND","TOT","PC_GDP","A","2014",-3.90465934648671,
"FRA","GGNLEND","TOT","PC_GDP","A","2015",-3.62517466994658,
"FRA","GGNLEND","TOT","PC_GDP","A","2016",-3.63725639835479,
"FRA","GGNLEND","TOT","PC_GDP","A","2017",-2.95841709319262,
"FRA","GGNLEND","TOT","PC_GDP","A","2018",-2.28895454080005,
"FRA","GGNLEND","TOT","PC_GDP","A","2019",-3.06465077831587,"E"
"FRA","GGNLEND","TOT","PC_GDP","A","2020",-8.92511919960397,"E"
"FRA","GGNLEND","TOT","PC_GDP","A","2021",-6.47877932820533,"E"
"DEU","GGNLEND","TOT","PC_GDP","A","1995",-9.43223143549332,
"DEU","GGNLEND","TOT","PC_GDP","A","1996",-3.57040252318646,
"DEU","GGNLEND","TOT","PC_GDP","A","1997",-2.94210029829437,
"DEU","GGNLEND","TOT","PC_GDP","A","1998",-2.56689270360699,
"DEU","GGNLEND","TOT","PC_GDP","A","1999",-1.71922038572844,
"DEU","GGNLEND","TOT","PC_GDP","A","2000",-1.58466447614848,
"DEU","GGNLEND","TOT","PC_GDP","A","2001",-3.02544487098051,
"DEU","GGNLEND","TOT","PC_GDP","A","2002",-3.87499317598675,
"DEU","GGNLEND","TOT","PC_GDP","A","2003",-3.70420108791492,
"DEU","GGNLEND","TOT","PC_GDP","A","2004",-3.33415837208069,
"DEU","GGNLEND","TOT","PC_GDP","A","2005",-3.31943661479432,
"DEU","GGNLEND","TOT","PC_GDP","A","2006",-1.65315209552719,
"DEU","GGNLEND","TOT","PC_GDP","A","2007",0.260886959652738,
"DEU","GGNLEND","TOT","PC_GDP","A","2008",-0.116356239372627,
"DEU","GGNLEND","TOT","PC_GDP","A","2009",-3.15051129928488,
"DEU","GGNLEND","TOT","PC_GDP","A","2010",-4.37864607705506,
"DEU","GGNLEND","TOT","PC_GDP","A","2011",-0.881398595167733,
"DEU","GGNLEND","TOT","PC_GDP","A","2012",0.009324994262943,
"DEU","GGNLEND","TOT","PC_GDP","A","2013",0.039980792146122,
"DEU","GGNLEND","TOT","PC_GDP","A","2014",0.579552713472226,
"DEU","GGNLEND","TOT","PC_GDP","A","2015",0.960550925589357,
"DEU","GGNLEND","TOT","PC_GDP","A","2016",1.16035141670442,
"DEU","GGNLEND","TOT","PC_GDP","A","2017",1.33608393834401,
"DEU","GGNLEND","TOT","PC_GDP","A","2018",1.91332181266442,"E"
"DEU","GGNLEND","TOT","PC_GDP","A","2019",1.47117336289173,"E"
"DEU","GGNLEND","TOT","PC_GDP","A","2020",-4.31309315943888,"E"
"DEU","GGNLEND","TOT","PC_GDP","A","2021",-3.70955184253715,"E"
"GRC","GGNLEND","TOT","PC_GDP","A","1995",-9.73097954738537,
"GRC","GGNLEND","TOT","PC_GDP","A","1996",-8.15826266010893,
"GRC","GGNLEND","TOT","PC_GDP","A","1997",-6.05602622508187,
"GRC","GGNLEND","TOT","PC_GDP","A","1998",-6.26843356890484,
"GRC","GGNLEND","TOT","PC_GDP","A","1999",-5.79346265201213,
"GRC","GGNLEND","TOT","PC_GDP","A","2000",-4.06308720049148,
"GRC","GGNLEND","TOT","PC_GDP","A","2001",-5.46605574492258,
"GRC","GGNLEND","TOT","PC_GDP","A","2002",-6.02407559052943,
"GRC","GGNLEND","TOT","PC_GDP","A","2003",-7.83042345221338,
"GRC","GGNLEND","TOT","PC_GDP","A","2004",-8.82787977070417,
"GRC","GGNLEND","TOT","PC_GDP","A","2005",-6.18794265451324,
"GRC","GGNLEND","TOT","PC_GDP","A","2006",-5.94597758004825,
"GRC","GGNLEND","TOT","PC_GDP","A","2007",-6.70707463437705,
"GRC","GGNLEND","TOT","PC_GDP","A","2008",-10.1760239361008,
"GRC","GGNLEND","TOT","PC_GDP","A","2009",-15.1477146486663,
"GRC","GGNLEND","TOT","PC_GDP","A","2010",-11.2924079917294,"B"
"GRC","GGNLEND","TOT","PC_GDP","A","2011",-10.4668664799098,
"GRC","GGNLEND","TOT","PC_GDP","A","2012",-9.09116779419792,
"GRC","GGNLEND","TOT","PC_GDP","A","2013",-13.3507976504957,
"GRC","GGNLEND","TOT","PC_GDP","A","2014",-3.62567462479471,
"GRC","GGNLEND","TOT","PC_GDP","A","2015",-5.87348528161902,
"GRC","GGNLEND","TOT","PC_GDP","A","2016",0.24298803775982,
"GRC","GGNLEND","TOT","PC_GDP","A","2017",0.579412330875973,
"GRC","GGNLEND","TOT","PC_GDP","A","2018",0.932290918515503,
"GRC","GGNLEND","TOT","PC_GDP","A","2019",1.14815568349948,"E"
"GRC","GGNLEND","TOT","PC_GDP","A","2020",-10.1532467085967,"E"
"GRC","GGNLEND","TOT","PC_GDP","A","2021",-7.43258149470782,"E"
"HUN","GGNLEND","TOT","PC_GDP","A","1995",-8.59895145758156,
"HUN","GGNLEND","TOT","PC_GDP","A","1996",-4.37642027405454,
"HUN","GGNLEND","TOT","PC_GDP","A","1997",-5.5506877535497,
"HUN","GGNLEND","TOT","PC_GDP","A","1998",-7.42433325947077,
"HUN","GGNLEND","TOT","PC_GDP","A","1999",-5.2766279076362,
"HUN","GGNLEND","TOT","PC_GDP","A","2000",-3.04138710956697,
"HUN","GGNLEND","TOT","PC_GDP","A","2001",-3.99940254696825,
"HUN","GGNLEND","TOT","PC_GDP","A","2002",-8.79771369035393,
"HUN","GGNLEND","TOT","PC_GDP","A","2003",-7.18164823515817,
"HUN","GGNLEND","TOT","PC_GDP","A","2004",-6.58932235946504,
"HUN","GGNLEND","TOT","PC_GDP","A","2005",-7.77708348285355,
"HUN","GGNLEND","TOT","PC_GDP","A","2006",-9.25691875249893,
"HUN","GGNLEND","TOT","PC_GDP","A","2007",-5.08152462438151,
"HUN","GGNLEND","TOT","PC_GDP","A","2008",-3.78141460097503,
"HUN","GGNLEND","TOT","PC_GDP","A","2009",-4.74814130303511,
"HUN","GGNLEND","TOT","PC_GDP","A","2010",-4.42504485903087,
"HUN","GGNLEND","TOT","PC_GDP","A","2011",-5.20927605732607,
"HUN","GGNLEND","TOT","PC_GDP","A","2012",-2.32358584062217,
"HUN","GGNLEND","TOT","PC_GDP","A","2013",-2.59655900859683,
"HUN","GGNLEND","TOT","PC_GDP","A","2014",-2.77395224110578,
"HUN","GGNLEND","TOT","PC_GDP","A","2015",-2.0034189543922,
"HUN","GGNLEND","TOT","PC_GDP","A","2016",-1.79647814194628,
"HUN","GGNLEND","TOT","PC_GDP","A","2017",-2.45867901152193,
"HUN","GGNLEND","TOT","PC_GDP","A","2018",-2.11206861029881,
"HUN","GGNLEND","TOT","PC_GDP","A","2019",-2.08603739779481,
"HUN","GGNLEND","TOT","PC_GDP","A","2020",-7.78984665849828,"E"
"HUN","GGNLEND","TOT","PC_GDP","A","2021",-6.77384032638378,"E"
"ISL","GGNLEND","TOT","PC_GDP","A","1998",-0.565309413290688,
"ISL","GGNLEND","TOT","PC_GDP","A","1999",1.31906848872647,
"ISL","GGNLEND","TOT","PC_GDP","A","2000",1.44593564748473,
"ISL","GGNLEND","TOT","PC_GDP","A","2001",-0.280551600596997,
"ISL","GGNLEND","TOT","PC_GDP","A","2002",-2.27402551778058,
"ISL","GGNLEND","TOT","PC_GDP","A","2003",-2.32382113924286,
"ISL","GGNLEND","TOT","PC_GDP","A","2004",0.286477580411271,
"ISL","GGNLEND","TOT","PC_GDP","A","2005",5.00645797642744,
"ISL","GGNLEND","TOT","PC_GDP","A","2006",6.44941539290495,
"ISL","GGNLEND","TOT","PC_GDP","A","2007",5.59867336486791,
"ISL","GGNLEND","TOT","PC_GDP","A","2008",-12.1383932432886,
"ISL","GGNLEND","TOT","PC_GDP","A","2009",-8.57947218110683,
"ISL","GGNLEND","TOT","PC_GDP","A","2010",-6.66349631417642,
"ISL","GGNLEND","TOT","PC_GDP","A","2011",-6.53001155026822,
"ISL","GGNLEND","TOT","PC_GDP","A","2012",-2.62461881659715,
"ISL","GGNLEND","TOT","PC_GDP","A","2013",-1.24770110616781,
"ISL","GGNLEND","TOT","PC_GDP","A","2014",0.29497599442089,
"ISL","GGNLEND","TOT","PC_GDP","A","2015",-0.395505063221949,
"ISL","GGNLEND","TOT","PC_GDP","A","2016",12.5493065514201,
"ISL","GGNLEND","TOT","PC_GDP","A","2017",0.954938972663949,
"ISL","GGNLEND","TOT","PC_GDP","A","2018",0.912012090627101,
"ISL","GGNLEND","TOT","PC_GDP","A","2019",-1.5234873133935,
"ISL","GGNLEND","TOT","PC_GDP","A","2020",-8.67441264967177,
"ISL","GGNLEND","TOT","PC_GDP","A","2021",-8.91666313887553,
"IRL","GGNLEND","TOT","PC_GDP","A","1995",-2.0765677895452,
"IRL","GGNLEND","TOT","PC_GDP","A","1996",-0.19770331248098,
"IRL","GGNLEND","TOT","PC_GDP","A","1997",1.37318114348199,
"IRL","GGNLEND","TOT","PC_GDP","A","1998",2.07115931769488,
"IRL","GGNLEND","TOT","PC_GDP","A","1999",3.53703548087862,
"IRL","GGNLEND","TOT","PC_GDP","A","2000",4.85528332967507,
"IRL","GGNLEND","TOT","PC_GDP","A","2001",0.959332477487997,
"IRL","GGNLEND","TOT","PC_GDP","A","2002",-0.519318292835323,
"IRL","GGNLEND","TOT","PC_GDP","A","2003",0.346070694933079,
"IRL","GGNLEND","TOT","PC_GDP","A","2004",1.29818992358318,
"IRL","GGNLEND","TOT","PC_GDP","A","2005",1.57041673050637,
"IRL","GGNLEND","TOT","PC_GDP","A","2006",2.77537371823364,
"IRL","GGNLEND","TOT","PC_GDP","A","2007",0.267833813722456,
"IRL","GGNLEND","TOT","PC_GDP","A","2008",-7.03056103922949,
"IRL","GGNLEND","TOT","PC_GDP","A","2009",-13.872814553391,
"IRL","GGNLEND","TOT","PC_GDP","A","2010",-32.1242047551128,
"IRL","GGNLEND","TOT","PC_GDP","A","2011",-13.6444612776813,
"IRL","GGNLEND","TOT","PC_GDP","A","2012",-8.49298948987806,
"IRL","GGNLEND","TOT","PC_GDP","A","2013",-6.41511683106503,
"IRL","GGNLEND","TOT","PC_GDP","A","2014",-3.63447667014645,
"IRL","GGNLEND","TOT","PC_GDP","A","2015",-2.04863705477724,
"IRL","GGNLEND","TOT","PC_GDP","A","2016",-0.771340261852238,
"IRL","GGNLEND","TOT","PC_GDP","A","2017",-0.293855376415801,
"IRL","GGNLEND","TOT","PC_GDP","A","2018",0.144487907037116,
"IRL","GGNLEND","TOT","PC_GDP","A","2019",0.483661713535734,
"IRL","GGNLEND","TOT","PC_GDP","A","2020",-5.13042013920894,
"IRL","GGNLEND","TOT","PC_GDP","A","2021",-1.92418081997641,
"ITA","GGNLEND","TOT","PC_GDP","A","1995",-7.21026969879479,
"ITA","GGNLEND","TOT","PC_GDP","A","1996",-6.61466734909516,
"ITA","GGNLEND","TOT","PC_GDP","A","1997",-2.98162515140422,
"ITA","GGNLEND","TOT","PC_GDP","A","1998",-2.98826164253763,
"ITA","GGNLEND","TOT","PC_GDP","A","1999",-1.7727957166301,
"ITA","GGNLEND","TOT","PC_GDP","A","2000",-2.42333366008521,
"ITA","GGNLEND","TOT","PC_GDP","A","2001",-3.1903094828702,
"ITA","GGNLEND","TOT","PC_GDP","A","2002",-2.86930158357038,
"ITA","GGNLEND","TOT","PC_GDP","A","2003",-3.21762520961599,
"ITA","GGNLEND","TOT","PC_GDP","A","2004",-3.47885003225875,
"ITA","GGNLEND","TOT","PC_GDP","A","2005",-4.08252268810197,
"ITA","GGNLEND","TOT","PC_GDP","A","2006",-3.6165696777998,
"ITA","GGNLEND","TOT","PC_GDP","A","2007",-1.3402567858434,
"ITA","GGNLEND","TOT","PC_GDP","A","2008",-2.56390153162418,
"ITA","GGNLEND","TOT","PC_GDP","A","2009",-5.12104598879611,
"ITA","GGNLEND","TOT","PC_GDP","A","2010",-4.23973644794317,
"ITA","GGNLEND","TOT","PC_GDP","A","2011",-3.59301237939542,
"ITA","GGNLEND","TOT","PC_GDP","A","2012",-2.94540854800113,
"ITA","GGNLEND","TOT","PC_GDP","A","2013",-2.85425285349328,
"ITA","GGNLEND","TOT","PC_GDP","A","2014",-2.95439563437658,
"ITA","GGNLEND","TOT","PC_GDP","A","2015",-2.55220179357298,
"ITA","GGNLEND","TOT","PC_GDP","A","2016",-2.40389888634585,
"ITA","GGNLEND","TOT","PC_GDP","A","2017",-2.41910481259625,
"ITA","GGNLEND","TOT","PC_GDP","A","2018",-2.18619128287416,
"ITA","GGNLEND","TOT","PC_GDP","A","2019",-1.54015804444957,
"ITA","GGNLEND","TOT","PC_GDP","A","2020",-9.59721012091596,
"ITA","GGNLEND","TOT","PC_GDP","A","2021",-7.22791309224031,
"JPN","GGNLEND","TOT","PC_GDP","A","2005",-4.43846152112727,
"JPN","GGNLEND","TOT","PC_GDP","A","2006",-3.02875608544721,
"JPN","GGNLEND","TOT","PC_GDP","A","2007",-2.90102556789893,
"JPN","GGNLEND","TOT","PC_GDP","A","2008",-4.10962900877149,
"JPN","GGNLEND","TOT","PC_GDP","A","2009",-9.69302442485772,
"JPN","GGNLEND","TOT","PC_GDP","A","2010",-9.07583042450843,
"JPN","GGNLEND","TOT","PC_GDP","A","2011",-8.98552595050466,
"JPN","GGNLEND","TOT","PC_GDP","A","2012",-8.1964782635366,
"JPN","GGNLEND","TOT","PC_GDP","A","2013",-7.61141229241719,
"JPN","GGNLEND","TOT","PC_GDP","A","2014",-5.61611068385212,
"JPN","GGNLEND","TOT","PC_GDP","A","2015",-3.67784610700882,
"JPN","GGNLEND","TOT","PC_GDP","A","2016",-3.5995727863274,
"JPN","GGNLEND","TOT","PC_GDP","A","2017",-3.09874103418536,
"JPN","GGNLEND","TOT","PC_GDP","A","2018",-2.47221881674755,
"JPN","GGNLEND","TOT","PC_GDP","A","2019",-3.03023574946212,
"JPN","GGNLEND","TOT","PC_GDP","A","2020",-8.95168941907858,
"KOR","GGNLEND","TOT","PC_GDP","A","1970",-0.007151541157119,
"KOR","GGNLEND","TOT","PC_GDP","A","1971",-1.04712041884817,
"KOR","GGNLEND","TOT","PC_GDP","A","1972",-2.50720528621974,
"KOR","GGNLEND","TOT","PC_GDP","A","1973",-2.31035044234979,
"KOR","GGNLEND","TOT","PC_GDP","A","1974",-1.74067046173308,
"KOR","GGNLEND","TOT","PC_GDP","A","1975",-4.03467506354566,
"KOR","GGNLEND","TOT","PC_GDP","A","1976",-1.10137637499309,
"KOR","GGNLEND","TOT","PC_GDP","A","1977",-1.88627533171038,
"KOR","GGNLEND","TOT","PC_GDP","A","1978",-0.360969210280467,
"KOR","GGNLEND","TOT","PC_GDP","A","1979",-0.194122022202128,
"KOR","GGNLEND","TOT","PC_GDP","A","1980",-1.33895194725753,
"KOR","GGNLEND","TOT","PC_GDP","A","1981",-3.58064659008089,
"KOR","GGNLEND","TOT","PC_GDP","A","1982",-0.694577789570336,
"KOR","GGNLEND","TOT","PC_GDP","A","1983",0.706961358752411,
"KOR","GGNLEND","TOT","PC_GDP","A","1984",1.16615961308694,
"KOR","GGNLEND","TOT","PC_GDP","A","1985",0.647341361652201,
"KOR","GGNLEND","TOT","PC_GDP","A","1986",1.10131688057965,
"KOR","GGNLEND","TOT","PC_GDP","A","1987",2.05665180471627,
"KOR","GGNLEND","TOT","PC_GDP","A","1988",2.61968413921875,
"KOR","GGNLEND","TOT","PC_GDP","A","1989",2.12301675856354,
"KOR","GGNLEND","TOT","PC_GDP","A","1990",2.48294493014925,
"KOR","GGNLEND","TOT","PC_GDP","A","1991",1.03471981940036,
"KOR","GGNLEND","TOT","PC_GDP","A","1992",0.904839937047094,
"KOR","GGNLEND","TOT","PC_GDP","A","1993",1.40477877335997,
"KOR","GGNLEND","TOT","PC_GDP","A","1994",2.51545396509039,
"KOR","GGNLEND","TOT","PC_GDP","A","1995",2.78814926149137,
"KOR","GGNLEND","TOT","PC_GDP","A","1996",3.03456711600203,
"KOR","GGNLEND","TOT","PC_GDP","A","1997",2.31111778595569,
"KOR","GGNLEND","TOT","PC_GDP","A","1998",0.25179848749654,
"KOR","GGNLEND","TOT","PC_GDP","A","1999",1.40264737857446,
"KOR","GGNLEND","TOT","PC_GDP","A","2000",4.16660016721033,
"KOR","GGNLEND","TOT","PC_GDP","A","2001",2.90715428233916,
"KOR","GGNLEND","TOT","PC_GDP","A","2002",3.11125462620611,
"KOR","GGNLEND","TOT","PC_GDP","A","2003",-2.13302442781822,
"KOR","GGNLEND","TOT","PC_GDP","A","2004",-0.077968894340975,
"KOR","GGNLEND","TOT","PC_GDP","A","2005",1.35182304455658,
"KOR","GGNLEND","TOT","PC_GDP","A","2006",1.9690503643839,
"KOR","GGNLEND","TOT","PC_GDP","A","2007",3.95731623491433,
"KOR","GGNLEND","TOT","PC_GDP","A","2008",2.13128126309059,
"KOR","GGNLEND","TOT","PC_GDP","A","2009",-1.27621266461122,
"KOR","GGNLEND","TOT","PC_GDP","A","2010",0.882973015803889,
"KOR","GGNLEND","TOT","PC_GDP","A","2011",0.983334595689424,
"KOR","GGNLEND","TOT","PC_GDP","A","2012",1.0179351402954,
"KOR","GGNLEND","TOT","PC_GDP","A","2013",1.28341250454502,
"KOR","GGNLEND","TOT","PC_GDP","A","2014",1.21232002300297,
"KOR","GGNLEND","TOT","PC_GDP","A","2015",1.18041370299183,
"KOR","GGNLEND","TOT","PC_GDP","A","2016",2.20918834297001,
"KOR","GGNLEND","TOT","PC_GDP","A","2017",2.68183517312377,
"KOR","GGNLEND","TOT","PC_GDP","A","2018",3.02487218631028,
"KOR","GGNLEND","TOT","PC_GDP","A","2019",0.955750488919683,
"KOR","GGNLEND","TOT","PC_GDP","A","2020",-2.29466647326926,"E"
"LUX","GGNLEND","TOT","PC_GDP","A","1995",2.68093823126452,
"LUX","GGNLEND","TOT","PC_GDP","A","1996",2.32241955149898,
"LUX","GGNLEND","TOT","PC_GDP","A","1997",2.50391804583609,
"LUX","GGNLEND","TOT","PC_GDP","A","1998",2.84722016160372,
"LUX","GGNLEND","TOT","PC_GDP","A","1999",3.10817349960159,
"LUX","GGNLEND","TOT","PC_GDP","A","2000",5.54493388526865,
"LUX","GGNLEND","TOT","PC_GDP","A","2001",5.62665931989885,
"LUX","GGNLEND","TOT","PC_GDP","A","2002",2.0309787328775,
"LUX","GGNLEND","TOT","PC_GDP","A","2003",0.272959990104962,
"LUX","GGNLEND","TOT","PC_GDP","A","2004",-1.39332579314336,
"LUX","GGNLEND","TOT","PC_GDP","A","2005",-0.207820181284718,
"LUX","GGNLEND","TOT","PC_GDP","A","2006",1.91157027006109,
"LUX","GGNLEND","TOT","PC_GDP","A","2007",4.36293032262476,
"LUX","GGNLEND","TOT","PC_GDP","A","2008",3.37394371180147,
"LUX","GGNLEND","TOT","PC_GDP","A","2009",-0.209983200575723,
"LUX","GGNLEND","TOT","PC_GDP","A","2010",-0.317479670818248,
"LUX","GGNLEND","TOT","PC_GDP","A","2011",0.658409701082492,
"LUX","GGNLEND","TOT","PC_GDP","A","2012",0.506445416884984,
"LUX","GGNLEND","TOT","PC_GDP","A","2013",0.843740322870048,
"LUX","GGNLEND","TOT","PC_GDP","A","2014",1.33881502387601,
"LUX","GGNLEND","TOT","PC_GDP","A","2015",1.33405848410145,
"LUX","GGNLEND","TOT","PC_GDP","A","2016",1.89296668229194,
"LUX","GGNLEND","TOT","PC_GDP","A","2017",1.36684995856197,
"LUX","GGNLEND","TOT","PC_GDP","A","2018",2.98625600263847,
"LUX","GGNLEND","TOT","PC_GDP","A","2019",2.29968771133963,
"LUX","GGNLEND","TOT","PC_GDP","A","2020",-3.42001107828409,
"LUX","GGNLEND","TOT","PC_GDP","A","2021",0.886385471615069,
"MEX","GGNLEND","TOT","PC_GDP","A","2003",-1.32252368416166,
"MEX","GGNLEND","TOT","PC_GDP","A","2004",-0.852532368670327,
"MEX","GGNLEND","TOT","PC_GDP","A","2005",-0.721209221389657,
"MEX","GGNLEND","TOT","PC_GDP","A","2006",-0.970869796770489,
"MEX","GGNLEND","TOT","PC_GDP","A","2007",-0.710615641515271,
"MEX","GGNLEND","TOT","PC_GDP","A","2008",-0.934756000041571,
"MEX","GGNLEND","TOT","PC_GDP","A","2009",-3.08037947252433,
"MEX","GGNLEND","TOT","PC_GDP","A","2010",-2.97155291159784,
"MEX","GGNLEND","TOT","PC_GDP","A","2011",-5.29719477091961,
"MEX","GGNLEND","TOT","PC_GDP","A","2012",-4.72690618652223,
"MEX","GGNLEND","TOT","PC_GDP","A","2013",-4.54687794920237,
"MEX","GGNLEND","TOT","PC_GDP","A","2014",-4.22302456040569,
"MEX","GGNLEND","TOT","PC_GDP","A","2015",-5.16765515728037,
"MEX","GGNLEND","TOT","PC_GDP","A","2016",-2.88241470679049,
"MEX","GGNLEND","TOT","PC_GDP","A","2017",-2.50815381160069,
"MEX","GGNLEND","TOT","PC_GDP","A","2018",-5.10355877733913,
"MEX","GGNLEND","TOT","PC_GDP","A","2019",-3.67614035217143,"E"
"MEX","GGNLEND","TOT","PC_GDP","A","2020",-5.43439477108703,"E"
"NLD","GGNLEND","TOT","PC_GDP","A","1995",-8.72136599635257,
"NLD","GGNLEND","TOT","PC_GDP","A","1996",-1.8132752992383,
"NLD","GGNLEND","TOT","PC_GDP","A","1997",-1.57405851845027,
"NLD","GGNLEND","TOT","PC_GDP","A","1998",-1.34696103171483,
"NLD","GGNLEND","TOT","PC_GDP","A","1999",0.260096934384529,
"NLD","GGNLEND","TOT","PC_GDP","A","2000",1.20883083669058,
"NLD","GGNLEND","TOT","PC_GDP","A","2001",-0.408607104243579,
"NLD","GGNLEND","TOT","PC_GDP","A","2002",-1.99626050361478,
"NLD","GGNLEND","TOT","PC_GDP","A","2003",-3.06097775004388,
"NLD","GGNLEND","TOT","PC_GDP","A","2004",-1.7527385950129,
"NLD","GGNLEND","TOT","PC_GDP","A","2005",-0.449641756961097,
"NLD","GGNLEND","TOT","PC_GDP","A","2006",-0.013343688948346,
"NLD","GGNLEND","TOT","PC_GDP","A","2007",-0.213350130012759,
"NLD","GGNLEND","TOT","PC_GDP","A","2008",0.101205504343339,
"NLD","GGNLEND","TOT","PC_GDP","A","2009",-5.16706623434404,
"NLD","GGNLEND","TOT","PC_GDP","A","2010",-5.31847487511479,
"NLD","GGNLEND","TOT","PC_GDP","A","2011",-4.45723054497593,
"NLD","GGNLEND","TOT","PC_GDP","A","2012",-4.01261321416429,
"NLD","GGNLEND","TOT","PC_GDP","A","2013",-2.99774552094516,
"NLD","GGNLEND","TOT","PC_GDP","A","2014",-2.26323783429627,
"NLD","GGNLEND","TOT","PC_GDP","A","2015",-2.09142502695621,
"NLD","GGNLEND","TOT","PC_GDP","A","2016",0.011576410663286,
"NLD","GGNLEND","TOT","PC_GDP","A","2017",1.31627076486224,
"NLD","GGNLEND","TOT","PC_GDP","A","2018",1.42948137371816,
"NLD","GGNLEND","TOT","PC_GDP","A","2019",1.72116277496602,
"NLD","GGNLEND","TOT","PC_GDP","A","2020",-3.69781088495741,"E"
"NLD","GGNLEND","TOT","PC_GDP","A","2021",-2.54299022096642,"E"
"NOR","GGNLEND","TOT","PC_GDP","A","1995",3.14233266676219,
"NOR","GGNLEND","TOT","PC_GDP","A","1996",6.1656135746469,
"NOR","GGNLEND","TOT","PC_GDP","A","1997",7.46000315418718,
"NOR","GGNLEND","TOT","PC_GDP","A","1998",3.18308977645726,
"NOR","GGNLEND","TOT","PC_GDP","A","1999",5.81019507951795,
"NOR","GGNLEND","TOT","PC_GDP","A","2000",15.0648551068379,
"NOR","GGNLEND","TOT","PC_GDP","A","2001",13.193390551465,
"NOR","GGNLEND","TOT","PC_GDP","A","2002",9.04494864275163,
"NOR","GGNLEND","TOT","PC_GDP","A","2003",7.22115524659891,
"NOR","GGNLEND","TOT","PC_GDP","A","2004",10.8657782862783,
"NOR","GGNLEND","TOT","PC_GDP","A","2005",14.7730110799719,
"NOR","GGNLEND","TOT","PC_GDP","A","2006",17.9505007632031,
"NOR","GGNLEND","TOT","PC_GDP","A","2007",17.110229757554,
"NOR","GGNLEND","TOT","PC_GDP","A","2008",18.6377532037636,
"NOR","GGNLEND","TOT","PC_GDP","A","2009",10.2416695868734,
"NOR","GGNLEND","TOT","PC_GDP","A","2010",10.9296274444053,
"NOR","GGNLEND","TOT","PC_GDP","A","2011",13.3548634055494,
"NOR","GGNLEND","TOT","PC_GDP","A","2012",13.7673651584503,
"NOR","GGNLEND","TOT","PC_GDP","A","2013",10.6744086396824,
"NOR","GGNLEND","TOT","PC_GDP","A","2014",8.62919612559037,
"NOR","GGNLEND","TOT","PC_GDP","A","2015",6.02407198839793,
"NOR","GGNLEND","TOT","PC_GDP","A","2016",4.05955428856207,
"NOR","GGNLEND","TOT","PC_GDP","A","2017",4.99914729157348,
"NOR","GGNLEND","TOT","PC_GDP","A","2018",7.86358648245589,
"NOR","GGNLEND","TOT","PC_GDP","A","2019",6.58372536540083,
"NOR","GGNLEND","TOT","PC_GDP","A","2020",-2.61453278633966,
"NOR","GGNLEND","TOT","PC_GDP","A","2021",9.08510680397883,
"POL","GGNLEND","TOT","PC_GDP","A","1995",-4.19231438010781,
"POL","GGNLEND","TOT","PC_GDP","A","1996",-4.59114094332677,
"POL","GGNLEND","TOT","PC_GDP","A","1997",-4.56158076627209,
"POL","GGNLEND","TOT","PC_GDP","A","1998",-4.17359163107413,
"POL","GGNLEND","TOT","PC_GDP","A","1999",-2.25327264910382,
"POL","GGNLEND","TOT","PC_GDP","A","2000",-3.9943458969676,
"POL","GGNLEND","TOT","PC_GDP","A","2001",-4.74135945584916,
"POL","GGNLEND","TOT","PC_GDP","A","2002",-4.81757270867038,
"POL","GGNLEND","TOT","PC_GDP","A","2003",-6.03610686157856,
"POL","GGNLEND","TOT","PC_GDP","A","2004",-5.00776451600112,
"POL","GGNLEND","TOT","PC_GDP","A","2005",-3.93830575550463,
"POL","GGNLEND","TOT","PC_GDP","A","2006",-3.53945228817941,
"POL","GGNLEND","TOT","PC_GDP","A","2007",-1.88251363359236,
"POL","GGNLEND","TOT","PC_GDP","A","2008",-3.60610188002063,
"POL","GGNLEND","TOT","PC_GDP","A","2009",-7.25205444507206,
"POL","GGNLEND","TOT","PC_GDP","A","2010",-7.40086699049794,
"POL","GGNLEND","TOT","PC_GDP","A","2011",-4.96725445311966,
"POL","GGNLEND","TOT","PC_GDP","A","2012",-3.79077293799224,
"POL","GGNLEND","TOT","PC_GDP","A","2013",-4.22511604859102,
"POL","GGNLEND","TOT","PC_GDP","A","2014",-3.64576705601305,
"POL","GGNLEND","TOT","PC_GDP","A","2015",-2.59622944047899,
"POL","GGNLEND","TOT","PC_GDP","A","2016",-2.38584975371441,
"POL","GGNLEND","TOT","PC_GDP","A","2017",-1.48710822756661,
"POL","GGNLEND","TOT","PC_GDP","A","2018",-0.244773291288701,
"POL","GGNLEND","TOT","PC_GDP","A","2019",-0.73700537982094,
"POL","GGNLEND","TOT","PC_GDP","A","2020",-6.91215376169946,
"POL","GGNLEND","TOT","PC_GDP","A","2021",-1.86897639524915,
"PRT","GGNLEND","TOT","PC_GDP","A","1995",-5.17867542208957,
"PRT","GGNLEND","TOT","PC_GDP","A","1996",-4.7376625583346,
"PRT","GGNLEND","TOT","PC_GDP","A","1997",-3.70560385635002,
"PRT","GGNLEND","TOT","PC_GDP","A","1998",-4.38754526905654,
"PRT","GGNLEND","TOT","PC_GDP","A","1999",-3.03149649585352,
"PRT","GGNLEND","TOT","PC_GDP","A","2000",-3.21620359765601,
"PRT","GGNLEND","TOT","PC_GDP","A","2001",-4.78986526894651,
"PRT","GGNLEND","TOT","PC_GDP","A","2002",-3.33437941452512,
"PRT","GGNLEND","TOT","PC_GDP","A","2003",-5.65604241283527,
"PRT","GGNLEND","TOT","PC_GDP","A","2004",-6.18355972346978,
"PRT","GGNLEND","TOT","PC_GDP","A","2005",-6.13031487624456,
"PRT","GGNLEND","TOT","PC_GDP","A","2006",-4.18049464301704,
"PRT","GGNLEND","TOT","PC_GDP","A","2007",-2.89922577919492,
"PRT","GGNLEND","TOT","PC_GDP","A","2008",-3.69958521191248,
"PRT","GGNLEND","TOT","PC_GDP","A","2009",-9.87256399467286,
"PRT","GGNLEND","TOT","PC_GDP","A","2010",-11.3983916299366,
"PRT","GGNLEND","TOT","PC_GDP","A","2011",-7.66322170628003,
"PRT","GGNLEND","TOT","PC_GDP","A","2012",-6.17976460212093,
"PRT","GGNLEND","TOT","PC_GDP","A","2013",-5.10450711404398,
"PRT","GGNLEND","TOT","PC_GDP","A","2014",-7.35602339738596,
"PRT","GGNLEND","TOT","PC_GDP","A","2015",-4.44878385338494,
"PRT","GGNLEND","TOT","PC_GDP","A","2016",-1.93502260560498,
"PRT","GGNLEND","TOT","PC_GDP","A","2017",-2.9560155513314,
"PRT","GGNLEND","TOT","PC_GDP","A","2018",-0.348984115359724,
"PRT","GGNLEND","TOT","PC_GDP","A","2019",0.115330816679698,
"PRT","GGNLEND","TOT","PC_GDP","A","2020",-5.83952313559746,"E"
"PRT","GGNLEND","TOT","PC_GDP","A","2021",-2.82904655729593,"E"
"SVK","GGNLEND","TOT","PC_GDP","A","1995",-3.47317383013269,
"SVK","GGNLEND","TOT","PC_GDP","A","1996",-9.81564621632767,
"SVK","GGNLEND","TOT","PC_GDP","A","1997",-6.26613119314023,
"SVK","GGNLEND","TOT","PC_GDP","A","1998",-5.29697699877913,
"SVK","GGNLEND","TOT","PC_GDP","A","1999",-7.17312680519065,
"SVK","GGNLEND","TOT","PC_GDP","A","2000",-12.6309703965441,
"SVK","GGNLEND","TOT","PC_GDP","A","2001",-7.22047104877888,
"SVK","GGNLEND","TOT","PC_GDP","A","2002",-8.22062443911652,
"SVK","GGNLEND","TOT","PC_GDP","A","2003",-3.12019446329847,
"SVK","GGNLEND","TOT","PC_GDP","A","2004",-2.31420521035045,
"SVK","GGNLEND","TOT","PC_GDP","A","2005",-2.87434864677624,
"SVK","GGNLEND","TOT","PC_GDP","A","2006",-3.57847055854248,
"SVK","GGNLEND","TOT","PC_GDP","A","2007",-2.05037091761691,
"SVK","GGNLEND","TOT","PC_GDP","A","2008",-2.52342108898,
"SVK","GGNLEND","TOT","PC_GDP","A","2009",-8.14933568132899,
"SVK","GGNLEND","TOT","PC_GDP","A","2010",-7.50260778079005,
"SVK","GGNLEND","TOT","PC_GDP","A","2011",-4.32208527780823,
"SVK","GGNLEND","TOT","PC_GDP","A","2012",-4.36896963726317,
"SVK","GGNLEND","TOT","PC_GDP","A","2013",-2.88858570406688,
"SVK","GGNLEND","TOT","PC_GDP","A","2014",-3.11471636396013,
"SVK","GGNLEND","TOT","PC_GDP","A","2015",-2.67296223556168,
"SVK","GGNLEND","TOT","PC_GDP","A","2016",-2.58241228963022,
"SVK","GGNLEND","TOT","PC_GDP","A","2017",-0.982266530156219,
"SVK","GGNLEND","TOT","PC_GDP","A","2018",-1.01195877992924,
"SVK","GGNLEND","TOT","PC_GDP","A","2019",-1.29590589098232,
"SVK","GGNLEND","TOT","PC_GDP","A","2020",-5.4682611293556,
"SVK","GGNLEND","TOT","PC_GDP","A","2021",-6.15011294652612,
"ESP","GGNLEND","TOT","PC_GDP","A","1995",-6.78849644367634,
"ESP","GGNLEND","TOT","PC_GDP","A","1996",-5.8628013319624,
"ESP","GGNLEND","TOT","PC_GDP","A","1997",-3.85696788556198,
"ESP","GGNLEND","TOT","PC_GDP","A","1998",-2.62485319059772,
"ESP","GGNLEND","TOT","PC_GDP","A","1999",-1.23916652538176,
"ESP","GGNLEND","TOT","PC_GDP","A","2000",-1.16076073047661,
"ESP","GGNLEND","TOT","PC_GDP","A","2001",-0.454926083427367,
"ESP","GGNLEND","TOT","PC_GDP","A","2002",-0.316722522253293,
"ESP","GGNLEND","TOT","PC_GDP","A","2003",-0.375062635086119,
"ESP","GGNLEND","TOT","PC_GDP","A","2004",-0.109490282591976,
"ESP","GGNLEND","TOT","PC_GDP","A","2005",1.23156454310476,
"ESP","GGNLEND","TOT","PC_GDP","A","2006",2.12407964352281,
"ESP","GGNLEND","TOT","PC_GDP","A","2007",1.88621705024179,
"ESP","GGNLEND","TOT","PC_GDP","A","2008",-4.57225104795587,
"ESP","GGNLEND","TOT","PC_GDP","A","2009",-11.2759194368774,
"ESP","GGNLEND","TOT","PC_GDP","A","2010",-9.52662837731389,
"ESP","GGNLEND","TOT","PC_GDP","A","2011",-9.73957545054678,
"ESP","GGNLEND","TOT","PC_GDP","A","2012",-11.5507822236274,
"ESP","GGNLEND","TOT","PC_GDP","A","2013",-7.53056800228941,
"ESP","GGNLEND","TOT","PC_GDP","A","2014",-6.11311446503345,
"ESP","GGNLEND","TOT","PC_GDP","A","2015",-5.31138930390965,
"ESP","GGNLEND","TOT","PC_GDP","A","2016",-4.29980966745673,
"ESP","GGNLEND","TOT","PC_GDP","A","2017",-3.10328118450735,
"ESP","GGNLEND","TOT","PC_GDP","A","2018",-2.59495254138968,
"ESP","GGNLEND","TOT","PC_GDP","A","2019",-3.06306378704169,"E"
"ESP","GGNLEND","TOT","PC_GDP","A","2020",-10.2678555512377,"E"
"ESP","GGNLEND","TOT","PC_GDP","A","2021",-6.87258674442747,"E"
"SWE","GGNLEND","TOT","PC_GDP","A","1995",-6.97314258173364,
"SWE","GGNLEND","TOT","PC_GDP","A","1996",-3.09103194894384,
"SWE","GGNLEND","TOT","PC_GDP","A","1997",-1.54972307009973,
"SWE","GGNLEND","TOT","PC_GDP","A","1998",0.84583388491364,
"SWE","GGNLEND","TOT","PC_GDP","A","1999",0.633121571529887,
"SWE","GGNLEND","TOT","PC_GDP","A","2000",3.13638970313739,
"SWE","GGNLEND","TOT","PC_GDP","A","2001",1.40646099760717,
"SWE","GGNLEND","TOT","PC_GDP","A","2002",-1.40909412793419,
"SWE","GGNLEND","TOT","PC_GDP","A","2003",-1.21632623168566,
"SWE","GGNLEND","TOT","PC_GDP","A","2004",0.202035620173034,
"SWE","GGNLEND","TOT","PC_GDP","A","2005",1.81096761097,
"SWE","GGNLEND","TOT","PC_GDP","A","2006",2.13507650397159,
"SWE","GGNLEND","TOT","PC_GDP","A","2007",3.33119696603718,
"SWE","GGNLEND","TOT","PC_GDP","A","2008",1.9209595537025,
"SWE","GGNLEND","TOT","PC_GDP","A","2009",-0.836294624004128,
"SWE","GGNLEND","TOT","PC_GDP","A","2010",-0.090077711964553,
"SWE","GGNLEND","TOT","PC_GDP","A","2011",-0.337615899546796,
"SWE","GGNLEND","TOT","PC_GDP","A","2012",-1.11343955228386,
"SWE","GGNLEND","TOT","PC_GDP","A","2013",-1.46261606086425,
"SWE","GGNLEND","TOT","PC_GDP","A","2014",-1.52457090762461,
"SWE","GGNLEND","TOT","PC_GDP","A","2015",0.012299112539227,
"SWE","GGNLEND","TOT","PC_GDP","A","2016",1.03478322122767,
"SWE","GGNLEND","TOT","PC_GDP","A","2017",1.4227170301836,
"SWE","GGNLEND","TOT","PC_GDP","A","2018",0.818361553720912,
"SWE","GGNLEND","TOT","PC_GDP","A","2019",0.603015791884497,
"SWE","GGNLEND","TOT","PC_GDP","A","2020",-2.6694796986885,
"SWE","GGNLEND","TOT","PC_GDP","A","2021",-0.23933043227956,
"CHE","GGNLEND","TOT","PC_GDP","A","1995",-1.85739376249664,
"CHE","GGNLEND","TOT","PC_GDP","A","1996",-2.01258271943096,
"CHE","GGNLEND","TOT","PC_GDP","A","1997",-2.33062939029789,
"CHE","GGNLEND","TOT","PC_GDP","A","1998",-1.30345183901092,
"CHE","GGNLEND","TOT","PC_GDP","A","1999",-1.56724192970503,
"CHE","GGNLEND","TOT","PC_GDP","A","2000",0.281337704716356,
"CHE","GGNLEND","TOT","PC_GDP","A","2001",0.207109829019697,
"CHE","GGNLEND","TOT","PC_GDP","A","2002",-1.74204466384583,
"CHE","GGNLEND","TOT","PC_GDP","A","2003",-1.35540681551433,
"CHE","GGNLEND","TOT","PC_GDP","A","2004",-1.38568155881088,
"CHE","GGNLEND","TOT","PC_GDP","A","2005",-0.642358304326107,
"CHE","GGNLEND","TOT","PC_GDP","A","2006",0.842378309933941,
"CHE","GGNLEND","TOT","PC_GDP","A","2007",1.56695943598957,
"CHE","GGNLEND","TOT","PC_GDP","A","2008",1.92330868877306,
"CHE","GGNLEND","TOT","PC_GDP","A","2009",0.494047129085824,
"CHE","GGNLEND","TOT","PC_GDP","A","2010",0.35122697439522,
"CHE","GGNLEND","TOT","PC_GDP","A","2011",0.677588573279933,
"CHE","GGNLEND","TOT","PC_GDP","A","2012",0.233298220141595,
"CHE","GGNLEND","TOT","PC_GDP","A","2013",-0.428613530822639,
"CHE","GGNLEND","TOT","PC_GDP","A","2014",-0.244464252811588,
"CHE","GGNLEND","TOT","PC_GDP","A","2015",0.539275975996689,
"CHE","GGNLEND","TOT","PC_GDP","A","2016",0.235573891427647,
"CHE","GGNLEND","TOT","PC_GDP","A","2017",1.11552335773419,
"CHE","GGNLEND","TOT","PC_GDP","A","2018",1.27298640702297,
"CHE","GGNLEND","TOT","PC_GDP","A","2019",1.32404554257414,
"CHE","GGNLEND","TOT","PC_GDP","A","2020",-2.81938844969318,
"TUR","GGNLEND","TOT","PC_GDP","A","2009",-6.12654345908476,
"TUR","GGNLEND","TOT","PC_GDP","A","2010",-2.75323479802454,
"TUR","GGNLEND","TOT","PC_GDP","A","2011",-0.736199994901517,
"TUR","GGNLEND","TOT","PC_GDP","A","2012",-0.300218444724951,
"TUR","GGNLEND","TOT","PC_GDP","A","2013",0.203597868391041,
"TUR","GGNLEND","TOT","PC_GDP","A","2014",0.219587879237371,
"TUR","GGNLEND","TOT","PC_GDP","A","2015",0.496583390936607,
"TUR","GGNLEND","TOT","PC_GDP","A","2016",-1.32264638065281,
"TUR","GGNLEND","TOT","PC_GDP","A","2017",-2.7838094583033,
"TUR","GGNLEND","TOT","PC_GDP","A","2018",-2.87562941933908,
"TUR","GGNLEND","TOT","PC_GDP","A","2019",-4.41854075990483,
"TUR","GGNLEND","TOT","PC_GDP","A","2020",-4.6614173478848,
"GBR","GGNLEND","TOT","PC_GDP","A","1990",-1.74069676597804,
"GBR","GGNLEND","TOT","PC_GDP","A","1991",-2.96713099144091,
"GBR","GGNLEND","TOT","PC_GDP","A","1992",-6.10054004195367,
"GBR","GGNLEND","TOT","PC_GDP","A","1993",-7.42877973928058,
"GBR","GGNLEND","TOT","PC_GDP","A","1994",-6.39066769011106,
"GBR","GGNLEND","TOT","PC_GDP","A","1995",-5.14071268172165,
"GBR","GGNLEND","TOT","PC_GDP","A","1996",-3.70405326654895,
"GBR","GGNLEND","TOT","PC_GDP","A","1997",-2.05934378559394,
"GBR","GGNLEND","TOT","PC_GDP","A","1998",-0.306715896137303,
"GBR","GGNLEND","TOT","PC_GDP","A","1999",0.631112220121501,
"GBR","GGNLEND","TOT","PC_GDP","A","2000",1.35275375512062,
"GBR","GGNLEND","TOT","PC_GDP","A","2001",0.216195295541333,
"GBR","GGNLEND","TOT","PC_GDP","A","2002",-1.87132036668638,
"GBR","GGNLEND","TOT","PC_GDP","A","2003",-3.10253418732192,
"GBR","GGNLEND","TOT","PC_GDP","A","2004",-3.04219474672946,
"GBR","GGNLEND","TOT","PC_GDP","A","2005",-3.11347931205953,
"GBR","GGNLEND","TOT","PC_GDP","A","2006",-2.74506643769105,
"GBR","GGNLEND","TOT","PC_GDP","A","2007",-2.63309435931129,
"GBR","GGNLEND","TOT","PC_GDP","A","2008",-5.09522427493445,
"GBR","GGNLEND","TOT","PC_GDP","A","2009",-9.98593557336621,
"GBR","GGNLEND","TOT","PC_GDP","A","2010",-9.19541370615837,
"GBR","GGNLEND","TOT","PC_GDP","A","2011",-7.43589881815552,
"GBR","GGNLEND","TOT","PC_GDP","A","2012",-8.0866526660683,
"GBR","GGNLEND","TOT","PC_GDP","A","2013",-5.46779280095697,
"GBR","GGNLEND","TOT","PC_GDP","A","2014",-5.49728648165777,
"GBR","GGNLEND","TOT","PC_GDP","A","2015",-4.50741314129925,
"GBR","GGNLEND","TOT","PC_GDP","A","2016",-3.30322050858905,
"GBR","GGNLEND","TOT","PC_GDP","A","2017",-2.35277231929344,
"GBR","GGNLEND","TOT","PC_GDP","A","2018",-2.15923619606508,
"GBR","GGNLEND","TOT","PC_GDP","A","2019",-2.20943447008646,
"GBR","GGNLEND","TOT","PC_GDP","A","2020",-12.760668923321,
"GBR","GGNLEND","TOT","PC_GDP","A","2021",-8.08923745411199,
"USA","GGNLEND","TOT","PC_GDP","A","1970",-4.43330634499298,
"USA","GGNLEND","TOT","PC_GDP","A","1971",-5.27789071554277,
"USA","GGNLEND","TOT","PC_GDP","A","1972",-4.00046829436092,
"USA","GGNLEND","TOT","PC_GDP","A","1973",-2.74160993309835,
"USA","GGNLEND","TOT","PC_GDP","A","1974",-3.32815356549099,
"USA","GGNLEND","TOT","PC_GDP","A","1975",-7.26123684198032,
"USA","GGNLEND","TOT","PC_GDP","A","1976",-5.24570516255901,
"USA","GGNLEND","TOT","PC_GDP","A","1977",-3.969543083812,
"USA","GGNLEND","TOT","PC_GDP","A","1978",-3.12312260721322,
"USA","GGNLEND","TOT","PC_GDP","A","1979",-2.6214849811577,
"USA","GGNLEND","TOT","PC_GDP","A","1980",-4.04849496396432,
"USA","GGNLEND","TOT","PC_GDP","A","1981",-3.61572708300268,
"USA","GGNLEND","TOT","PC_GDP","A","1982",-6.21298054392786,
"USA","GGNLEND","TOT","PC_GDP","A","1983",-6.94370779832242,
"USA","GGNLEND","TOT","PC_GDP","A","1984",-5.83184767831885,
"USA","GGNLEND","TOT","PC_GDP","A","1985",-5.98767636349473,
"USA","GGNLEND","TOT","PC_GDP","A","1986",-6.18164170868788,
"USA","GGNLEND","TOT","PC_GDP","A","1987",-5.17381228225733,
"USA","GGNLEND","TOT","PC_GDP","A","1988",-4.5171442877773,
"USA","GGNLEND","TOT","PC_GDP","A","1989",-4.30163305315178,
"USA","GGNLEND","TOT","PC_GDP","A","1990",-5.2407916025506,
"USA","GGNLEND","TOT","PC_GDP","A","1991",-6.12652300723158,
"USA","GGNLEND","TOT","PC_GDP","A","1992",-7.1463319247639,
"USA","GGNLEND","TOT","PC_GDP","A","1993",-6.32803567046664,
"USA","GGNLEND","TOT","PC_GDP","A","1994",-4.99449091534843,
"USA","GGNLEND","TOT","PC_GDP","A","1995",-4.64307793358133,
"USA","GGNLEND","TOT","PC_GDP","A","1996",-3.49933433435045,
"USA","GGNLEND","TOT","PC_GDP","A","1997",-2.0737610217927,
"USA","GGNLEND","TOT","PC_GDP","A","1998",-0.910456097701189,
"USA","GGNLEND","TOT","PC_GDP","A","1999",-0.482206838378548,
"USA","GGNLEND","TOT","PC_GDP","A","2000",0.335568442813897,
"USA","GGNLEND","TOT","PC_GDP","A","2001",-1.84742375421343,
"USA","GGNLEND","TOT","PC_GDP","A","2002",-5.3031923556799,
"USA","GGNLEND","TOT","PC_GDP","A","2003",-6.41433585447499,
"USA","GGNLEND","TOT","PC_GDP","A","2004",-5.77504257114317,
"USA","GGNLEND","TOT","PC_GDP","A","2005",-4.44771982507819,
"USA","GGNLEND","TOT","PC_GDP","A","2006",-3.33341900953438,
"USA","GGNLEND","TOT","PC_GDP","A","2007",-3.97930342122564,
"USA","GGNLEND","TOT","PC_GDP","A","2008",-7.34253610494126,
"USA","GGNLEND","TOT","PC_GDP","A","2009",-13.0999306744471,
"USA","GGNLEND","TOT","PC_GDP","A","2010",-12.3800089972935,
"USA","GGNLEND","TOT","PC_GDP","A","2011",-10.9559947540121,
"USA","GGNLEND","TOT","PC_GDP","A","2012",-9.18706771330327,
"USA","GGNLEND","TOT","PC_GDP","A","2013",-5.80240715598156,
"USA","GGNLEND","TOT","PC_GDP","A","2014",-5.18710224847609,
"USA","GGNLEND","TOT","PC_GDP","A","2015",-4.5985107785484,
"USA","GGNLEND","TOT","PC_GDP","A","2016",-5.40322841710552,
"USA","GGNLEND","TOT","PC_GDP","A","2017",-4.27961583240086,
"USA","GGNLEND","TOT","PC_GDP","A","2018",-6.14720804764069,
"USA","GGNLEND","TOT","PC_GDP","A","2019",-6.38134887024881,
"USA","GGNLEND","TOT","PC_GDP","A","2020",-15.3096122638803,
"CHL","GGNLEND","TOT","PC_GDP","A","2003",-0.189104524142558,
"CHL","GGNLEND","TOT","PC_GDP","A","2004",2.76924205546272,
"CHL","GGNLEND","TOT","PC_GDP","A","2005",5.02306771065965,
"CHL","GGNLEND","TOT","PC_GDP","A","2006",7.38366980592907,
"CHL","GGNLEND","TOT","PC_GDP","A","2007",7.73915779556731,
"CHL","GGNLEND","TOT","PC_GDP","A","2008",4.66751101735819,
"CHL","GGNLEND","TOT","PC_GDP","A","2009",-4.04397595174881,
"CHL","GGNLEND","TOT","PC_GDP","A","2010",-0.169286702478715,
"CHL","GGNLEND","TOT","PC_GDP","A","2011",1.28514863105417,
"CHL","GGNLEND","TOT","PC_GDP","A","2012",0.542586918313817,
"CHL","GGNLEND","TOT","PC_GDP","A","2013",-0.534483780175692,
"CHL","GGNLEND","TOT","PC_GDP","A","2014",-1.52571929497611,
"CHL","GGNLEND","TOT","PC_GDP","A","2015",-2.05906687938438,
"CHL","GGNLEND","TOT","PC_GDP","A","2016",-2.64559660277104,
"CHL","GGNLEND","TOT","PC_GDP","A","2017",-2.89491225948631,
"CHL","GGNLEND","TOT","PC_GDP","A","2018",-1.58717435660094,
"CHL","GGNLEND","TOT","PC_GDP","A","2019",-2.84058403431141,
"CHN","GGNLEND","TOT","PC_GDP","A","1992",-5.21269966353491,
"CHN","GGNLEND","TOT","PC_GDP","A","1993",-5.34225040086115,
"CHN","GGNLEND","TOT","PC_GDP","A","1994",-6.06861191467489,
"CHN","GGNLEND","TOT","PC_GDP","A","1995",-5.31098241112229,
"CHN","GGNLEND","TOT","PC_GDP","A","1996",-3.76579674323526,
"CHN","GGNLEND","TOT","PC_GDP","A","1997",-3.75746897070815,
"CHN","GGNLEND","TOT","PC_GDP","A","1998",-5.49859499621459,
"CHN","GGNLEND","TOT","PC_GDP","A","1999",-6.54073674644783,
"CHN","GGNLEND","TOT","PC_GDP","A","2000",-7.96311812612871,
"CHN","GGNLEND","TOT","PC_GDP","A","2001",-6.49210915083558,
"CHN","GGNLEND","TOT","PC_GDP","A","2002",-4.46696080428928,
"CHN","GGNLEND","TOT","PC_GDP","A","2003",-4.14247862787618,
"CHN","GGNLEND","TOT","PC_GDP","A","2004",-0.804628380340608,
"CHN","GGNLEND","TOT","PC_GDP","A","2005",-0.04081182945234,
"CHN","GGNLEND","TOT","PC_GDP","A","2006",1.24474048537517,
"CHN","GGNLEND","TOT","PC_GDP","A","2007",3.60895233962612,
"CHN","GGNLEND","TOT","PC_GDP","A","2008",1.47446608963785,
"CHN","GGNLEND","TOT","PC_GDP","A","2009",1.13923709470136,
"CHN","GGNLEND","TOT","PC_GDP","A","2010",2.2360497093924,
"CHN","GGNLEND","TOT","PC_GDP","A","2011",1.53128701426937,
"CHN","GGNLEND","TOT","PC_GDP","A","2012",1.31464630324186,
"CHN","GGNLEND","TOT","PC_GDP","A","2013",0.648948562069282,
"CHN","GGNLEND","TOT","PC_GDP","A","2014",0.603405530864029,
"CHN","GGNLEND","TOT","PC_GDP","A","2015",-0.609837070967581,
"CHN","GGNLEND","TOT","PC_GDP","A","2016",-1.07481968866087,
"CHN","GGNLEND","TOT","PC_GDP","A","2017",-1.43193835242706,
"CHN","GGNLEND","TOT","PC_GDP","A","2018",-2.00997502722508,
"CHN","GGNLEND","TOT","PC_GDP","A","2019",-2.31550878015585,
"EST","GGNLEND","TOT","PC_GDP","A","1995",1.04835073985781,
"EST","GGNLEND","TOT","PC_GDP","A","1996",-0.34782892251839,
"EST","GGNLEND","TOT","PC_GDP","A","1997",2.12114474289364,
"EST","GGNLEND","TOT","PC_GDP","A","1998",-0.756798773342904,
"EST","GGNLEND","TOT","PC_GDP","A","1999",-3.29949275662392,
"EST","GGNLEND","TOT","PC_GDP","A","2000",-0.068053170071402,
"EST","GGNLEND","TOT","PC_GDP","A","2001",0.198938936995695,
"EST","GGNLEND","TOT","PC_GDP","A","2002",0.418020653032631,
"EST","GGNLEND","TOT","PC_GDP","A","2003",1.79542943361372,
"EST","GGNLEND","TOT","PC_GDP","A","2004",2.39428250655789,
"EST","GGNLEND","TOT","PC_GDP","A","2005",1.12489609367401,
"EST","GGNLEND","TOT","PC_GDP","A","2006",2.89042687964342,
"EST","GGNLEND","TOT","PC_GDP","A","2007",2.74063068149279,
"EST","GGNLEND","TOT","PC_GDP","A","2008",-2.64772122639053,
"EST","GGNLEND","TOT","PC_GDP","A","2009",-2.19079505332346,
"EST","GGNLEND","TOT","PC_GDP","A","2010",0.189945085925933,
"EST","GGNLEND","TOT","PC_GDP","A","2011",1.08531045668383,
"EST","GGNLEND","TOT","PC_GDP","A","2012",-0.286883473810143,
"EST","GGNLEND","TOT","PC_GDP","A","2013",0.18032038903685,
"EST","GGNLEND","TOT","PC_GDP","A","2014",0.707793298020483,
"EST","GGNLEND","TOT","PC_GDP","A","2015",0.113419561637563,
"EST","GGNLEND","TOT","PC_GDP","A","2016",-0.411993616048564,
"EST","GGNLEND","TOT","PC_GDP","A","2017",-0.475379009236635,
"EST","GGNLEND","TOT","PC_GDP","A","2018",-0.555433408406963,
"EST","GGNLEND","TOT","PC_GDP","A","2019",0.121879582936,
"EST","GGNLEND","TOT","PC_GDP","A","2020",-5.59614986677906,
"EST","GGNLEND","TOT","PC_GDP","A","2021",-2.3528959058923,
"ISR","GGNLEND","TOT","PC_GDP","A","1995",-9.17714496330162,
"ISR","GGNLEND","TOT","PC_GDP","A","1996",-10.346937579961,
"ISR","GGNLEND","TOT","PC_GDP","A","1997",-9.16873059495169,
"ISR","GGNLEND","TOT","PC_GDP","A","1998",-7.17394633677509,
"ISR","GGNLEND","TOT","PC_GDP","A","1999",-3.23046255863515,
"ISR","GGNLEND","TOT","PC_GDP","A","2000",-0.835023845525156,
"ISR","GGNLEND","TOT","PC_GDP","A","2001",-4.19815706453116,
"ISR","GGNLEND","TOT","PC_GDP","A","2002",-8.51346346891004,
"ISR","GGNLEND","TOT","PC_GDP","A","2003",-5.22541904414432,
"ISR","GGNLEND","TOT","PC_GDP","A","2004",-3.60319196805384,
"ISR","GGNLEND","TOT","PC_GDP","A","2005",-2.7987648495033,
"ISR","GGNLEND","TOT","PC_GDP","A","2006",-0.999227615402505,
"ISR","GGNLEND","TOT","PC_GDP","A","2007",-0.309516897058772,
"ISR","GGNLEND","TOT","PC_GDP","A","2008",-3.54872811068747,
"ISR","GGNLEND","TOT","PC_GDP","A","2009",-6.6434439152413,
"ISR","GGNLEND","TOT","PC_GDP","A","2010",-3.77804659819929,
"ISR","GGNLEND","TOT","PC_GDP","A","2011",-3.4090080434677,
"ISR","GGNLEND","TOT","PC_GDP","A","2012",-4.40141140621858,
"ISR","GGNLEND","TOT","PC_GDP","A","2013",-4.14577041391458,
"ISR","GGNLEND","TOT","PC_GDP","A","2014",-2.31235575682304,
"ISR","GGNLEND","TOT","PC_GDP","A","2015",-1.1616951568614,
"ISR","GGNLEND","TOT","PC_GDP","A","2016",-1.72649520730855,
"ISR","GGNLEND","TOT","PC_GDP","A","2017",-1.12705340435173,
"ISR","GGNLEND","TOT","PC_GDP","A","2018",-3.62299840659568,
"ISR","GGNLEND","TOT","PC_GDP","A","2019",-3.8948872102979,
"ISR","GGNLEND","TOT","PC_GDP","A","2020",-10.8251677669704,
"ISR","GGNLEND","TOT","PC_GDP","A","2021",-3.83180931305098,
"RUS","GGNLEND","TOT","PC_GDP","A","2011",2.95333242900712,
"RUS","GGNLEND","TOT","PC_GDP","A","2012",1.75376671374955,
"RUS","GGNLEND","TOT","PC_GDP","A","2013",-0.567405880547197,
"RUS","GGNLEND","TOT","PC_GDP","A","2014",-2.24738838263604,
"RUS","GGNLEND","TOT","PC_GDP","A","2015",-1.39208756736032,
"RUS","GGNLEND","TOT","PC_GDP","A","2016",-2.4535277564284,
"RUS","GGNLEND","TOT","PC_GDP","A","2017",-0.634077373618773,
"RUS","GGNLEND","TOT","PC_GDP","A","2018",3.48448361996048,
"RUS","GGNLEND","TOT","PC_GDP","A","2019",3.66928494608759,
"SVN","GGNLEND","TOT","PC_GDP","A","1995",-8.14455013089461,
"SVN","GGNLEND","TOT","PC_GDP","A","1996",-1.09322422288708,
"SVN","GGNLEND","TOT","PC_GDP","A","1997",-2.30668822719817,
"SVN","GGNLEND","TOT","PC_GDP","A","1998",-2.3259233535365,
"SVN","GGNLEND","TOT","PC_GDP","A","1999",-2.97165200647039,
"SVN","GGNLEND","TOT","PC_GDP","A","2000",-3.64488919524765,
"SVN","GGNLEND","TOT","PC_GDP","A","2001",-4.45039829733508,
"SVN","GGNLEND","TOT","PC_GDP","A","2002",-2.3743647103643,
"SVN","GGNLEND","TOT","PC_GDP","A","2003",-2.59465646343571,
"SVN","GGNLEND","TOT","PC_GDP","A","2004",-1.94100407570746,
"SVN","GGNLEND","TOT","PC_GDP","A","2005",-1.32417033912446,
"SVN","GGNLEND","TOT","PC_GDP","A","2006",-1.23096238136434,
"SVN","GGNLEND","TOT","PC_GDP","A","2007",-0.048998316283669,
"SVN","GGNLEND","TOT","PC_GDP","A","2008",-1.39378936290063,
"SVN","GGNLEND","TOT","PC_GDP","A","2009",-5.8129153616306,
"SVN","GGNLEND","TOT","PC_GDP","A","2010",-5.59967785681504,
"SVN","GGNLEND","TOT","PC_GDP","A","2011",-6.62933839036696,
"SVN","GGNLEND","TOT","PC_GDP","A","2012",-3.99471109951664,
"SVN","GGNLEND","TOT","PC_GDP","A","2013",-14.5786461479687,
"SVN","GGNLEND","TOT","PC_GDP","A","2014",-5.50719270783563,
"SVN","GGNLEND","TOT","PC_GDP","A","2015",-2.84748298482786,
"SVN","GGNLEND","TOT","PC_GDP","A","2016",-1.91911358449142,
"SVN","GGNLEND","TOT","PC_GDP","A","2017",-0.05297610917245,
"SVN","GGNLEND","TOT","PC_GDP","A","2018",0.743692826887294,
"SVN","GGNLEND","TOT","PC_GDP","A","2019",0.42212123310687,
"SVN","GGNLEND","TOT","PC_GDP","A","2020",-7.81350330476086,
"SVN","GGNLEND","TOT","PC_GDP","A","2021",-5.19985081680046,
"ZAF","GGNLEND","TOT","PC_GDP","A","1995",-4.70409846241155,
"ZAF","GGNLEND","TOT","PC_GDP","A","1996",-5.50006224285428,
"ZAF","GGNLEND","TOT","PC_GDP","A","1997",-6.06854904660249,
"ZAF","GGNLEND","TOT","PC_GDP","A","1998",-4.23484030890505,
"ZAF","GGNLEND","TOT","PC_GDP","A","1999",-3.02832095242545,
"ZAF","GGNLEND","TOT","PC_GDP","A","2000",-3.26294165634603,
"ZAF","GGNLEND","TOT","PC_GDP","A","2001",-2.02687201761899,
"ZAF","GGNLEND","TOT","PC_GDP","A","2002",-2.72537204306375,
"ZAF","GGNLEND","TOT","PC_GDP","A","2003",-3.63797231185594,
"ZAF","GGNLEND","TOT","PC_GDP","A","2004",-3.74090069029129,
"ZAF","GGNLEND","TOT","PC_GDP","A","2005",-2.30610997441519,
"ZAF","GGNLEND","TOT","PC_GDP","A","2006",0.147874306839187,
"ZAF","GGNLEND","TOT","PC_GDP","A","2007",0.833324642498561,
"ZAF","GGNLEND","TOT","PC_GDP","A","2008",-1.73786007379289,
"ZAF","GGNLEND","TOT","PC_GDP","A","2009",-3.85420450879439,
"ZAF","GGNLEND","TOT","PC_GDP","A","2010",-3.27877971325556,
"ZAF","GGNLEND","TOT","PC_GDP","A","2011",-2.47502372796199,
"ZAF","GGNLEND","TOT","PC_GDP","A","2012",-3.59616464424154,
"ZAF","GGNLEND","TOT","PC_GDP","A","2013",-3.5633228851816,
"ZAF","GGNLEND","TOT","PC_GDP","A","2014",-3.83672083394527,
"ZAF","GGNLEND","TOT","PC_GDP","A","2015",-3.68101587041306,
"ZAF","GGNLEND","TOT","PC_GDP","A","2016",-3.36482965981968,
"ZAF","GGNLEND","TOT","PC_GDP","A","2017",-3.80814471490105,
"ZAF","GGNLEND","TOT","PC_GDP","A","2018",-3.36368682341128,
"ZAF","GGNLEND","TOT","PC_GDP","A","2019",-4.88341139807802,
"EA","GGNLEND","TOT","PC_GDP","A","1995",-7.33271465362894,
"EA","GGNLEND","TOT","PC_GDP","A","1996",-4.3618171864548,
"EA","GGNLEND","TOT","PC_GDP","A","1997",-3.05159684884981,
"EA","GGNLEND","TOT","PC_GDP","A","1998",-2.44519135456769,
"EA","GGNLEND","TOT","PC_GDP","A","1999",-1.5133245705955,
"EA","GGNLEND","TOT","PC_GDP","A","2000",-1.26996248375336,
"EA","GGNLEND","TOT","PC_GDP","A","2001",-1.9531506287795,
"EA","GGNLEND","TOT","PC_GDP","A","2002",-2.66408072997479,
"EA","GGNLEND","TOT","PC_GDP","A","2003",-3.08700262083596,
"EA","GGNLEND","TOT","PC_GDP","A","2004",-2.86147713648964,
"EA","GGNLEND","TOT","PC_GDP","A","2005",-2.59469874549547,
"EA","GGNLEND","TOT","PC_GDP","A","2006",-1.51633530774359,
"EA","GGNLEND","TOT","PC_GDP","A","2007",-0.645189584144117,
"EA","GGNLEND","TOT","PC_GDP","A","2008",-2.16243346476277,
"EA","GGNLEND","TOT","PC_GDP","A","2009",-6.23697503286408,
"EA","GGNLEND","TOT","PC_GDP","A","2010",-6.27620146751721,
"EA","GGNLEND","TOT","PC_GDP","A","2011",-4.24758810495127,
"EA","GGNLEND","TOT","PC_GDP","A","2012",-3.80766210657024,
"EA","GGNLEND","TOT","PC_GDP","A","2013",-3.07388804382226,
"EA","GGNLEND","TOT","PC_GDP","A","2014",-2.48858880703424,
"EA","GGNLEND","TOT","PC_GDP","A","2015",-1.99718751548887,
"EA","GGNLEND","TOT","PC_GDP","A","2016",-1.47648923569872,
"EA","GGNLEND","TOT","PC_GDP","A","2017",-0.937966212275803,
"EA","GGNLEND","TOT","PC_GDP","A","2018",-0.447180098462189,"E"
"EA","GGNLEND","TOT","PC_GDP","A","2019",-0.664274361092522,"E"
"EA","GGNLEND","TOT","PC_GDP","A","2020",-7.07507759773038,"E"
"EA","GGNLEND","TOT","PC_GDP","A","2021",-5.10619902508096,"E"
"EU","GGNLEND","TOT","PC_GDP","A","1995",-7.18038886906819,
"EU","GGNLEND","TOT","PC_GDP","A","1996",-4.25675919496439,
"EU","GGNLEND","TOT","PC_GDP","A","1997",-2.99439667900602,
"EU","GGNLEND","TOT","PC_GDP","A","1998",-2.35297964910775,
"EU","GGNLEND","TOT","PC_GDP","A","1999",-1.4471551562311,
"EU","GGNLEND","TOT","PC_GDP","A","2000",-1.15445499698493,
"EU","GGNLEND","TOT","PC_GDP","A","2001",-1.89947238463887,
"EU","GGNLEND","TOT","PC_GDP","A","2002",-2.70048763323505,
"EU","GGNLEND","TOT","PC_GDP","A","2003",-3.08547755379547,
"EU","GGNLEND","TOT","PC_GDP","A","2004",-2.71171368338192,
"EU","GGNLEND","TOT","PC_GDP","A","2005",-2.34839595622328,
"EU","GGNLEND","TOT","PC_GDP","A","2006",-1.38355594090795,
"EU","GGNLEND","TOT","PC_GDP","A","2007",-0.496948550790843,
"EU","GGNLEND","TOT","PC_GDP","A","2008",-2.00917198401217,
"EU","GGNLEND","TOT","PC_GDP","A","2009",-6.03346308907127,
"EU","GGNLEND","TOT","PC_GDP","A","2010",-5.97461209374709,
"EU","GGNLEND","TOT","PC_GDP","A","2011",-4.08654164568639,
"EU","GGNLEND","TOT","PC_GDP","A","2012",-3.68010736190817,
"EU","GGNLEND","TOT","PC_GDP","A","2013",-2.96962990718628,
"EU","GGNLEND","TOT","PC_GDP","A","2014",-2.41303295966527,
"EU","GGNLEND","TOT","PC_GDP","A","2015",-1.89627410292028,
"EU","GGNLEND","TOT","PC_GDP","A","2016",-1.36177733877073,
"EU","GGNLEND","TOT","PC_GDP","A","2017",-0.795711884652057,
"EU","GGNLEND","TOT","PC_GDP","A","2018",-0.390098782197591,"E"
"EU","GGNLEND","TOT","PC_GDP","A","2019",-0.56157232005165,"E"
"EU","GGNLEND","TOT","PC_GDP","A","2020",-6.76144653018329,"E"
"EU","GGNLEND","TOT","PC_GDP","A","2021",-4.67717332036083,"E"
"NZL","GGNLEND","TOT","PC_GDP","A","1986",-6.63789622625231,
"NZL","GGNLEND","TOT","PC_GDP","A","1987",-2.19600411251093,
"NZL","GGNLEND","TOT","PC_GDP","A","1988",-4.64109135187178,
"NZL","GGNLEND","TOT","PC_GDP","A","1989",-3.24433576740135,
"NZL","GGNLEND","TOT","PC_GDP","A","1990",-4.41897409639345,
"NZL","GGNLEND","TOT","PC_GDP","A","1991",-3.42989498065433,
"NZL","GGNLEND","TOT","PC_GDP","A","1992",-2.9185534229782,
"NZL","GGNLEND","TOT","PC_GDP","A","1993",-0.595133791143737,
"NZL","GGNLEND","TOT","PC_GDP","A","1994",2.53168690569755,
"NZL","GGNLEND","TOT","PC_GDP","A","1995",2.33496820316721,
"NZL","GGNLEND","TOT","PC_GDP","A","1996",2.44585117852445,
"NZL","GGNLEND","TOT","PC_GDP","A","1997",1.00082049325001,
"NZL","GGNLEND","TOT","PC_GDP","A","1998",-0.053722876453298,
"NZL","GGNLEND","TOT","PC_GDP","A","1999",-0.244327866535958,
"NZL","GGNLEND","TOT","PC_GDP","A","2000",1.62367843523394,
"NZL","GGNLEND","TOT","PC_GDP","A","2001",1.30228727702157,
"NZL","GGNLEND","TOT","PC_GDP","A","2002",3.25647095375829,
"NZL","GGNLEND","TOT","PC_GDP","A","2003",3.38437530276398,
"NZL","GGNLEND","TOT","PC_GDP","A","2004",3.82683635375488,
"NZL","GGNLEND","TOT","PC_GDP","A","2005",4.47118825067357,
"NZL","GGNLEND","TOT","PC_GDP","A","2006",5.02745284993372,
"NZL","GGNLEND","TOT","PC_GDP","A","2007",4.14270408682563,
"NZL","GGNLEND","TOT","PC_GDP","A","2008",0.312841198272494,
"NZL","GGNLEND","TOT","PC_GDP","A","2009",-2.96056220600496,
"NZL","GGNLEND","TOT","PC_GDP","A","2010",-7.05266988620157,
"NZL","GGNLEND","TOT","PC_GDP","A","2011",-4.26770097406408,
"NZL","GGNLEND","TOT","PC_GDP","A","2012",-2.34822910583984,
"NZL","GGNLEND","TOT","PC_GDP","A","2013",-0.724414928348053,
"NZL","GGNLEND","TOT","PC_GDP","A","2014",0.245720525816953,
"NZL","GGNLEND","TOT","PC_GDP","A","2015",0.036954648703689,
"NZL","GGNLEND","TOT","PC_GDP","A","2016",1.05486026888241,
"NZL","GGNLEND","TOT","PC_GDP","A","2017",1.52332498865215,
"NZL","GGNLEND","TOT","PC_GDP","A","2018",0.761940671243475,
"NZL","GGNLEND","TOT","PC_GDP","A","2019",-0.711896582059284,
"NZL","GGNLEND","TOT","PC_GDP","A","2020",-7.32541268648051,
"BRA","GGNLEND","TOT","PC_GDP","A","2000",-4.85425593797439,
"BRA","GGNLEND","TOT","PC_GDP","A","2001",-6.5223365108252,
"BRA","GGNLEND","TOT","PC_GDP","A","2002",-6.14244913982525,
"BRA","GGNLEND","TOT","PC_GDP","A","2003",-4.75106845764603,
"BRA","GGNLEND","TOT","PC_GDP","A","2004",-2.96232736296647,
"BRA","GGNLEND","TOT","PC_GDP","A","2005",-2.78169311458485,
"BRA","GGNLEND","TOT","PC_GDP","A","2006",-4.50231402468229,
"BRA","GGNLEND","TOT","PC_GDP","A","2007",-4.66609300595095,
"BRA","GGNLEND","TOT","PC_GDP","A","2008",-2.74030211725691,
"BRA","GGNLEND","TOT","PC_GDP","A","2009",-4.47642485066388,
"BRA","GGNLEND","TOT","PC_GDP","A","2010",-2.95999816770964,
"BRA","GGNLEND","TOT","PC_GDP","A","2011",-2.53894655448268,
"BRA","GGNLEND","TOT","PC_GDP","A","2012",-2.317914080868,
"BRA","GGNLEND","TOT","PC_GDP","A","2013",-3.30893861695669,
"BRA","GGNLEND","TOT","PC_GDP","A","2014",-5.87713725998464,
"BRA","GGNLEND","TOT","PC_GDP","A","2015",-7.75095913180372,
"BRA","GGNLEND","TOT","PC_GDP","A","2016",-7.15204245175878,
"BRA","GGNLEND","TOT","PC_GDP","A","2017",-7.06355604505003,
"BRA","GGNLEND","TOT","PC_GDP","A","2018",-6.12840318320262,
"BRA","GGNLEND","TOT","PC_GDP","A","2019",-5.00153536322471,
"LVA","GGNLEND","TOT","PC_GDP","A","1995",-1.42781937050311,
"LVA","GGNLEND","TOT","PC_GDP","A","1996",-0.420528362171242,
"LVA","GGNLEND","TOT","PC_GDP","A","1997",1.41308795578341,
"LVA","GGNLEND","TOT","PC_GDP","A","1998",0.028763079511626,
"LVA","GGNLEND","TOT","PC_GDP","A","1999",-3.7322450926501,
"LVA","GGNLEND","TOT","PC_GDP","A","2000",-2.72359718074861,
"LVA","GGNLEND","TOT","PC_GDP","A","2001",-1.94539742981063,
"LVA","GGNLEND","TOT","PC_GDP","A","2002",-2.31967086844314,
"LVA","GGNLEND","TOT","PC_GDP","A","2003",-1.56491056586786,
"LVA","GGNLEND","TOT","PC_GDP","A","2004",-1.18539500355195,
"LVA","GGNLEND","TOT","PC_GDP","A","2005",-0.47949536973331,
"LVA","GGNLEND","TOT","PC_GDP","A","2006",-0.529535530246868,
"LVA","GGNLEND","TOT","PC_GDP","A","2007",-0.559597065447442,
"LVA","GGNLEND","TOT","PC_GDP","A","2008",-4.2525435005487,
"LVA","GGNLEND","TOT","PC_GDP","A","2009",-9.54483808638396,
"LVA","GGNLEND","TOT","PC_GDP","A","2010",-8.61522403275545,
"LVA","GGNLEND","TOT","PC_GDP","A","2011",-4.28646457368608,
"LVA","GGNLEND","TOT","PC_GDP","A","2012",-1.41061659229386,
"LVA","GGNLEND","TOT","PC_GDP","A","2013",-1.22066850381621,
"LVA","GGNLEND","TOT","PC_GDP","A","2014",-1.58339598376385,
"LVA","GGNLEND","TOT","PC_GDP","A","2015",-1.42511071284593,
"LVA","GGNLEND","TOT","PC_GDP","A","2016",0.021796261007112,
"LVA","GGNLEND","TOT","PC_GDP","A","2017",-0.77088890472518,
"LVA","GGNLEND","TOT","PC_GDP","A","2018",-0.841303887594364,
"LVA","GGNLEND","TOT","PC_GDP","A","2019",-0.567816554466176,
"LVA","GGNLEND","TOT","PC_GDP","A","2020",-4.47200403465195,
"LVA","GGNLEND","TOT","PC_GDP","A","2021",-7.34982205290431,
"COL","GGNLEND","TOT","PC_GDP","A","2005",-2.52013563815622,
"COL","GGNLEND","TOT","PC_GDP","A","2006",-1.55737361243593,
"COL","GGNLEND","TOT","PC_GDP","A","2007",-1.71432838746715,
"COL","GGNLEND","TOT","PC_GDP","A","2008",-0.455772063606643,
"COL","GGNLEND","TOT","PC_GDP","A","2009",-0.721329255503674,
"COL","GGNLEND","TOT","PC_GDP","A","2010",-0.80671249494541,
"COL","GGNLEND","TOT","PC_GDP","A","2011",-0.477849772948663,
"COL","GGNLEND","TOT","PC_GDP","A","2012",-0.400896014595496,
"COL","GGNLEND","TOT","PC_GDP","A","2013",-1.5271120148216,
"COL","GGNLEND","TOT","PC_GDP","A","2014",-3.11507491778116,
"COL","GGNLEND","TOT","PC_GDP","A","2015",-3.14716686632898,
"COL","GGNLEND","TOT","PC_GDP","A","2016",-4.86627412935208,
"COL","GGNLEND","TOT","PC_GDP","A","2017",-4.84143443954236,
"COL","GGNLEND","TOT","PC_GDP","A","2018",-5.14896369778627,
"COL","GGNLEND","TOT","PC_GDP","A","2019",-4.22104997037926,
"CRI","GGNLEND","TOT","PC_GDP","A","2000",-1.40798938017661,
"CRI","GGNLEND","TOT","PC_GDP","A","2001",-1.39090512603455,
"CRI","GGNLEND","TOT","PC_GDP","A","2002",-1.94940792544622,
"CRI","GGNLEND","TOT","PC_GDP","A","2003",-1.12983126290158,
"CRI","GGNLEND","TOT","PC_GDP","A","2004",-1.29021658979226,
"CRI","GGNLEND","TOT","PC_GDP","A","2005",-2.1933376056168,
"CRI","GGNLEND","TOT","PC_GDP","A","2006",0.123959212450848,
"CRI","GGNLEND","TOT","PC_GDP","A","2007",0.945898405316497,
"CRI","GGNLEND","TOT","PC_GDP","A","2008",-2.06878760832901,
"CRI","GGNLEND","TOT","PC_GDP","A","2009",-3.26161523393411,
"CRI","GGNLEND","TOT","PC_GDP","A","2010",-6.41055328223821,
"CRI","GGNLEND","TOT","PC_GDP","A","2011",-5.0596151757882,
"CRI","GGNLEND","TOT","PC_GDP","A","2012",-1.73125455900367,
"CRI","GGNLEND","TOT","PC_GDP","A","2013",-2.61425101457477,
"CRI","GGNLEND","TOT","PC_GDP","A","2014",-1.41025195430844,
"CRI","GGNLEND","TOT","PC_GDP","A","2015",-2.43673640155548,
"CRI","GGNLEND","TOT","PC_GDP","A","2016",-2.30222661812302,
"CRI","GGNLEND","TOT","PC_GDP","A","2017",-3.29890149285689,
"CRI","GGNLEND","TOT","PC_GDP","A","2018",-2.74295086964112,
"CRI","GGNLEND","TOT","PC_GDP","A","2019",-2.70815464055633,
"CRI","GGNLEND","TOT","PC_GDP","A","2020",-4.55467137864743,"E"
"LTU","GGNLEND","TOT","PC_GDP","A","1995",-1.54762292321091,
"LTU","GGNLEND","TOT","PC_GDP","A","1996",-3.25049063355724,
"LTU","GGNLEND","TOT","PC_GDP","A","1997",-11.7553225204174,
"LTU","GGNLEND","TOT","PC_GDP","A","1998",-3.03263595707099,
"LTU","GGNLEND","TOT","PC_GDP","A","1999",-2.82221576184928,
"LTU","GGNLEND","TOT","PC_GDP","A","2000",-3.18871630646658,
"LTU","GGNLEND","TOT","PC_GDP","A","2001",-3.53113844521234,
"LTU","GGNLEND","TOT","PC_GDP","A","2002",-1.85741515824169,
"LTU","GGNLEND","TOT","PC_GDP","A","2003",-1.26564592750841,
"LTU","GGNLEND","TOT","PC_GDP","A","2004",-1.39360382720128,
"LTU","GGNLEND","TOT","PC_GDP","A","2005",-0.343423572044364,
"LTU","GGNLEND","TOT","PC_GDP","A","2006",-0.272395159724947,
"LTU","GGNLEND","TOT","PC_GDP","A","2007",-0.81616701321044,
"LTU","GGNLEND","TOT","PC_GDP","A","2008",-3.08646034074654,
"LTU","GGNLEND","TOT","PC_GDP","A","2009",-9.11844695083556,
"LTU","GGNLEND","TOT","PC_GDP","A","2010",-6.90044766407554,
"LTU","GGNLEND","TOT","PC_GDP","A","2011",-8.94713713367361,
"LTU","GGNLEND","TOT","PC_GDP","A","2012",-3.17098126420098,
"LTU","GGNLEND","TOT","PC_GDP","A","2013",-2.62640429529394,
"LTU","GGNLEND","TOT","PC_GDP","A","2014",-0.601482000919442,
"LTU","GGNLEND","TOT","PC_GDP","A","2015",-0.299338358023994,
"LTU","GGNLEND","TOT","PC_GDP","A","2016",0.251556560117952,
"LTU","GGNLEND","TOT","PC_GDP","A","2017",0.41725508494993,
"LTU","GGNLEND","TOT","PC_GDP","A","2018",0.537187868897497,
"LTU","GGNLEND","TOT","PC_GDP","A","2019",0.473599291219733,
"LTU","GGNLEND","TOT","PC_GDP","A","2020",-7.28150320698998,
"LTU","GGNLEND","TOT","PC_GDP","A","2021",-1.00138812452517,
"IDN","GGNLEND","TOT","PC_GDP","A","2010",-0.339626135746115,
"IDN","GGNLEND","TOT","PC_GDP","A","2011",-1.03515878875231,
"IDN","GGNLEND","TOT","PC_GDP","A","2012",-1.34336536263517,
"IDN","GGNLEND","TOT","PC_GDP","A","2013",-2.07406422327615,
"IDN","GGNLEND","TOT","PC_GDP","A","2014",-1.8583922108027,
"IDN","GGNLEND","TOT","PC_GDP","A","2015",-2.55379820370968,
"IDN","GGNLEND","TOT","PC_GDP","A","2016",-2.3758397871716,
"IDN","GGNLEND","TOT","PC_GDP","A","2017",-1.9565373086426,
"IDN","GGNLEND","TOT","PC_GDP","A","2018",-1.23541461292308,
"IDN","GGNLEND","TOT","PC_GDP","A","2019",-2.12618902656466,
